[
  {
    "id": "00AK",
    "name": "Lowell Fld",
    "city": "ANCHOR POINT",
    "state": "AK"
  },
  {
    "id": "00AL",
    "name": "Epps Airpark",
    "city": "HARVEST",
    "state": "AL"
  },
  {
    "id": "01A",
    "name": "Purkeypile",
    "city": "PURKEYPILE",
    "state": "AK"
  },
  {
    "id": "01AA",
    "name": "Donlin Creek",
    "city": "CROOKED CREEK",
    "state": "AK"
  },
  {
    "id": "01AK",
    "name": "Providence Seward Medical Center",
    "city": "SEWARD",
    "state": "AK"
  },
  {
    "id": "01AL",
    "name": "Ware Island",
    "city": "CLANTON",
    "state": "AL"
  },
  {
    "id": "02A",
    "name": "Chilton County",
    "city": "CLANTON",
    "state": "AL"
  },
  {
    "id": "02AA",
    "name": "Barefoot",
    "city": "BIG LAKE",
    "state": "AK"
  },
  {
    "id": "02AK",
    "name": "Rustic Wilderness",
    "city": "WILLOW",
    "state": "AK"
  },
  {
    "id": "02AL",
    "name": "Bass Fld",
    "city": "FOLEY",
    "state": "AL"
  },
  {
    "id": "03AK",
    "name": "Joe Clouds",
    "city": "KENAI",
    "state": "AK"
  },
  {
    "id": "03AL",
    "name": "Highland Medical Center",
    "city": "SCOTTSBORO",
    "state": "AL"
  },
  {
    "id": "04A",
    "name": "Frank Sikes",
    "city": "LUVERNE",
    "state": "AL"
  },
  {
    "id": "04AL",
    "name": "Anniston Army Depot Helipad",
    "city": "ANNISTON",
    "state": "AL"
  },
  {
    "id": "04AR",
    "name": "Saline Meml Hospital",
    "city": "BENTON",
    "state": "AR"
  },
  {
    "id": "05AA",
    "name": "Chatham",
    "city": "CHATHAM",
    "state": "AK"
  },
  {
    "id": "05AK",
    "name": "Wasilla Creek Airpark",
    "city": "PALMER",
    "state": "AK"
  },
  {
    "id": "05AL",
    "name": "Allen Stagefield AHP",
    "city": "FORT NOVOSEL (WICKSBURG)",
    "state": "AL"
  },
  {
    "id": "05K",
    "name": "Wilder Runway",
    "city": "PORT ALSWORTH",
    "state": "AK"
  },
  {
    "id": "06A",
    "name": "Moton Fld Muni",
    "city": "TUSKEGEE",
    "state": "AL"
  },
  {
    "id": "06AK",
    "name": "June Lake Airpark",
    "city": "WASILLA",
    "state": "AK"
  },
  {
    "id": "06AL",
    "name": "Brown Stagefield AHP",
    "city": "FORT NOVOSEL (NEW BROCKTON)",
    "state": "AL"
  },
  {
    "id": "07A",
    "name": "Franklin Fld",
    "city": "UNION SPRINGS",
    "state": "AL"
  },
  {
    "id": "07AA",
    "name": "Pan Lake Strip",
    "city": "WILLOW",
    "state": "AK"
  },
  {
    "id": "07AL",
    "name": "Tac X Stagefield AHP",
    "city": "FORT NOVOSEL (SAMSON)",
    "state": "AL"
  },
  {
    "id": "08A",
    "name": "Wetumpka Muni",
    "city": "WETUMPKA",
    "state": "AL"
  },
  {
    "id": "08AK",
    "name": "Fisher",
    "city": "BIG LAKE",
    "state": "AK"
  },
  {
    "id": "09A",
    "name": "Butler/Choctaw County",
    "city": "BUTLER",
    "state": "AL"
  },
  {
    "id": "09AK",
    "name": "West Beaver",
    "city": "BIG LAKE",
    "state": "AK"
  },
  {
    "id": "0A8",
    "name": "Bibb County",
    "city": "CENTREVILLE",
    "state": "AL"
  },
  {
    "id": "0AA1",
    "name": "Yakataga",
    "city": "YAKATAGA",
    "state": "AK"
  },
  {
    "id": "0AA4",
    "name": "Farewell",
    "city": "FAREWELL",
    "state": "AK"
  },
  {
    "id": "0AA5",
    "name": "Rangeview Airstrip",
    "city": "TRAPPER CREEK",
    "state": "AK"
  },
  {
    "id": "0AK",
    "name": "Pilot Station",
    "city": "PILOT STATION",
    "state": "AK"
  },
  {
    "id": "0AK0",
    "name": "Scotts",
    "city": "NORTH POLE",
    "state": "AK"
  },
  {
    "id": "0AK1",
    "name": "Anderson Lake",
    "city": "WASILLA",
    "state": "AK"
  },
  {
    "id": "0AK2",
    "name": "Yentna Bend Strip",
    "city": "WILLOW",
    "state": "AK"
  },
  {
    "id": "0AK3",
    "name": "Parker Lake",
    "city": "MONTANA CREEK",
    "state": "AK"
  },
  {
    "id": "0AK5",
    "name": "Young Creek",
    "city": "MAY CREEK",
    "state": "AK"
  },
  {
    "id": "0AK6",
    "name": "Victory",
    "city": "VICTORY BIBLE CAMP",
    "state": "AK"
  },
  {
    "id": "0AK7",
    "name": "Bradley Lake Hydroelectric Project Airstrip",
    "city": "HOMER",
    "state": "AK"
  },
  {
    "id": "0AK9",
    "name": "Falcon Lake Strip",
    "city": "POINT MACKENZIE",
    "state": "AK"
  },
  {
    "id": "0AL1",
    "name": "Resort",
    "city": "FOLEY",
    "state": "AL"
  },
  {
    "id": "0AL2",
    "name": "Clay County Hospital",
    "city": "ASHLAND",
    "state": "AL"
  },
  {
    "id": "0AL3",
    "name": "Hospital Pad",
    "city": "EVERGREEN",
    "state": "AL"
  },
  {
    "id": "0AL4",
    "name": "Dekalb Rgnl Med Cntr",
    "city": "FORT PAYNE",
    "state": "AL"
  },
  {
    "id": "0AL5",
    "name": "Flomaton",
    "city": "FLOMATON",
    "state": "AL"
  },
  {
    "id": "0AL6",
    "name": "D W McMillian Meml Hospital",
    "city": "BREWTON",
    "state": "AL"
  },
  {
    "id": "0AL7",
    "name": "Gadsden Regl Medical Center",
    "city": "GADSDEN",
    "state": "AL"
  },
  {
    "id": "0AL8",
    "name": "Brookwood Medical Center",
    "city": "BIRMINGHAM",
    "state": "AL"
  },
  {
    "id": "0AL9",
    "name": "Wilson Creek",
    "city": "FLORENCE",
    "state": "AL"
  },
  {
    "id": "0J0",
    "name": "Abbeville Muni",
    "city": "ABBEVILLE",
    "state": "AL"
  },
  {
    "id": "0J4",
    "name": "Florala Muni",
    "city": "FLORALA",
    "state": "AL"
  },
  {
    "id": "0R1",
    "name": "Atmore Muni",
    "city": "ATMORE",
    "state": "AL"
  },
  {
    "id": "10AK",
    "name": "Hunt Strip",
    "city": "WASILLA",
    "state": "AK"
  },
  {
    "id": "11A",
    "name": "Clayton Muni",
    "city": "CLAYTON",
    "state": "AL"
  },
  {
    "id": "11AK",
    "name": "Rocking T Ranch",
    "city": "DELTA JUNCTION",
    "state": "AK"
  },
  {
    "id": "11AL",
    "name": "Ech Stagefield AHP",
    "city": "FORT NOVOSEL (OZARK)",
    "state": "AL"
  },
  {
    "id": "12AL",
    "name": "Goldberg Stagefield AHP",
    "city": "FORT NOVOSEL (KIRKLANDS CROSSROADS)",
    "state": "AL"
  },
  {
    "id": "12J",
    "name": "Brewton Muni",
    "city": "BREWTON",
    "state": "AL"
  },
  {
    "id": "13AK",
    "name": "Satterbergs",
    "city": "HOUSTON",
    "state": "AK"
  },
  {
    "id": "13AL",
    "name": "Hatch AHP",
    "city": "FORT NOVOSEL (OZARK)",
    "state": "AL"
  },
  {
    "id": "13S",
    "name": "Lake Louise",
    "city": "LAKE LOUISE",
    "state": "AK"
  },
  {
    "id": "13Z",
    "name": "Loring",
    "city": "LORING",
    "state": "AK"
  },
  {
    "id": "14AK",
    "name": "Four Corners",
    "city": "PALMER",
    "state": "AK"
  },
  {
    "id": "14AL",
    "name": "Highbluff AHP",
    "city": "FORT NOVOSEL (HARTFORD)",
    "state": "AL"
  },
  {
    "id": "14J",
    "name": "Carl Folsom",
    "city": "ELBA",
    "state": "AL"
  },
  {
    "id": "15A",
    "name": "Mark Reynolds/North Mobile County",
    "city": "CREOLA",
    "state": "AL"
  },
  {
    "id": "15AK",
    "name": "Golden North Airfield",
    "city": "CANTWELL",
    "state": "AK"
  },
  {
    "id": "15AL",
    "name": "Highfalls Stagefield AHP",
    "city": "FORT NOVOSEL (HARTFORD)",
    "state": "AL"
  },
  {
    "id": "15AR",
    "name": "Taylor",
    "city": "BRICKEYS",
    "state": "AR"
  },
  {
    "id": "15Z",
    "name": "McCarthy",
    "city": "MCCARTHY",
    "state": "AK"
  },
  {
    "id": "16A",
    "name": "Nunapitchuk",
    "city": "NUNAPITCHUK",
    "state": "AK"
  },
  {
    "id": "16AK",
    "name": "Gattis Strip",
    "city": "WASILLA",
    "state": "AK"
  },
  {
    "id": "16AL",
    "name": "Hooper Stagefield AHP",
    "city": "FORT NOVOSEL (OZARK)",
    "state": "AL"
  },
  {
    "id": "16K",
    "name": "Port Alice",
    "city": "PORT ALICE",
    "state": "AK"
  },
  {
    "id": "16Z",
    "name": "Mc Grath",
    "city": "MC GRATH",
    "state": "AK"
  },
  {
    "id": "17AK",
    "name": "Ketchikan /Temsco H/",
    "city": "KETCHIKAN",
    "state": "AK"
  },
  {
    "id": "17AL",
    "name": "Hunt AHP",
    "city": "FORT NOVOSEL/NEWTON",
    "state": "AL"
  },
  {
    "id": "18AA",
    "name": "18 Meadows Aerodrome",
    "city": "HAINES",
    "state": "AK"
  },
  {
    "id": "18AK",
    "name": "North Douglas",
    "city": "JUNEAU",
    "state": "AK"
  },
  {
    "id": "18AL",
    "name": "Louisville Stagefield AHP",
    "city": "FORT NOVOSEL (LOUISVILLE)",
    "state": "AL"
  },
  {
    "id": "19AK",
    "name": "Icy Bay",
    "city": "ICY BAY",
    "state": "AK"
  },
  {
    "id": "19AL",
    "name": "Molinelli Stagefield AHP",
    "city": "FORT NOVOSEL (OZARK)",
    "state": "AL"
  },
  {
    "id": "19P",
    "name": "Port Protection",
    "city": "PORT PROTECTION",
    "state": "AK"
  },
  {
    "id": "1A4",
    "name": "Logan Fld",
    "city": "SAMSON",
    "state": "AL"
  },
  {
    "id": "1A9",
    "name": "Prattville/Grouby Fld",
    "city": "PRATTVILLE",
    "state": "AL"
  },
  {
    "id": "1AK0",
    "name": "Craig CG",
    "city": "CRAIG",
    "state": "AK"
  },
  {
    "id": "1AK1",
    "name": "Crevice Creek",
    "city": "CREVICE CREEK",
    "state": "AK"
  },
  {
    "id": "1AK2",
    "name": "Crosswind Lake",
    "city": "CROSSWIND LAKE",
    "state": "AK"
  },
  {
    "id": "1AK3",
    "name": "Port Moller",
    "city": "COLD BAY",
    "state": "AK"
  },
  {
    "id": "1AK4",
    "name": "Kenai River Airpark",
    "city": "SOLDOTNA",
    "state": "AK"
  },
  {
    "id": "1AK5",
    "name": "Offshore Systems-Kenai",
    "city": "NIKISKI",
    "state": "AK"
  },
  {
    "id": "1AK6",
    "name": "Talachulitna River",
    "city": "SKWENTNA",
    "state": "AK"
  },
  {
    "id": "1AK7",
    "name": "Valdez Hospital",
    "city": "VALDEZ",
    "state": "AK"
  },
  {
    "id": "1AK8",
    "name": "Talaheim",
    "city": "SKWENTNA",
    "state": "AK"
  },
  {
    "id": "1AL0",
    "name": "Marshall Medical Center South",
    "city": "BOAZ",
    "state": "AL"
  },
  {
    "id": "1AL1",
    "name": "Decatur Morgan Hospital",
    "city": "DECATUR",
    "state": "AL"
  },
  {
    "id": "1AL2",
    "name": "Tri-L Acres Airpark",
    "city": "COLUMBIANA",
    "state": "AL"
  },
  {
    "id": "1AL4",
    "name": "Elsanor",
    "city": "ROBERTSDALE",
    "state": "AL"
  },
  {
    "id": "1AL5",
    "name": "Berry Fld",
    "city": "LOXLEY",
    "state": "AL"
  },
  {
    "id": "1AL6",
    "name": "Monroe County Hospital",
    "city": "MONROEVILLE",
    "state": "AL"
  },
  {
    "id": "1AL7",
    "name": "Business Center of Alabama",
    "city": "MONTGOMERY",
    "state": "AL"
  },
  {
    "id": "1AL8",
    "name": "Moore Fld",
    "city": "MOODY",
    "state": "AL"
  },
  {
    "id": "1AR0",
    "name": "Breckenridge",
    "city": "BEEDEVILLE",
    "state": "AR"
  },
  {
    "id": "1KC",
    "name": "Kalakaket Creek AS",
    "city": "KALAKAKET CREEK",
    "state": "AK"
  },
  {
    "id": "1M4",
    "name": "Posey Fld",
    "city": "HALEYVILLE",
    "state": "AL"
  },
  {
    "id": "1R8",
    "name": "Bay Minette Muni",
    "city": "BAY MINETTE",
    "state": "AL"
  },
  {
    "id": "1Z9",
    "name": "Ellamar",
    "city": "ELLAMAR",
    "state": "AK"
  },
  {
    "id": "20A",
    "name": "Robbins Fld",
    "city": "ONEONTA",
    "state": "AL"
  },
  {
    "id": "20AK",
    "name": "Owen Fld",
    "city": "BIG LAKE",
    "state": "AK"
  },
  {
    "id": "20AL",
    "name": "Runkle Stagefield AHP",
    "city": "FORT NOVOSEL (ELBA)",
    "state": "AL"
  },
  {
    "id": "20K",
    "name": "Quail Creek",
    "city": "QUAIL CREEK",
    "state": "AK"
  },
  {
    "id": "21AK",
    "name": "Montana Creek",
    "city": "TALKEETNA",
    "state": "AK"
  },
  {
    "id": "21AL",
    "name": "Skelly Stagefield AHP",
    "city": "FORT NOVOSEL (OPP)",
    "state": "AL"
  },
  {
    "id": "22AL",
    "name": "Stinson Stagefield AHP",
    "city": "FORT NOVOSEL (NEW BROCKTON)",
    "state": "AL"
  },
  {
    "id": "23AK",
    "name": "Yuknis",
    "city": "WASILLA",
    "state": "AK"
  },
  {
    "id": "23AL",
    "name": "Tabernacle Stagefield AHP",
    "city": "FORT NOVOSEL (OZARK)",
    "state": "AL"
  },
  {
    "id": "24AL",
    "name": "Toth Stagefield AHP",
    "city": "FORT NOVOSEL (DOTHAN)",
    "state": "AL"
  },
  {
    "id": "25AA",
    "name": "Skyflight",
    "city": "FAIRBANKS",
    "state": "AK"
  },
  {
    "id": "25AK",
    "name": "Honeybee Lake Aero Park",
    "city": "WILLOW",
    "state": "AK"
  },
  {
    "id": "25AL",
    "name": "Lucas AHP",
    "city": "FORT NOVOSEL (GOODMAN)",
    "state": "AL"
  },
  {
    "id": "25AR",
    "name": "Cedar Creek Ranch",
    "city": "BELLEVILLE",
    "state": "AR"
  },
  {
    "id": "26A",
    "name": "Ashland/Lineville",
    "city": "ASHLAND/LINEVILLE",
    "state": "AL"
  },
  {
    "id": "26AK",
    "name": "Cape Sarichef",
    "city": "CAPE SARICHEF",
    "state": "AK"
  },
  {
    "id": "27AL",
    "name": "Little Texas",
    "city": "TUSKEGEE",
    "state": "AL"
  },
  {
    "id": "27AR",
    "name": "Nw Medical of Benton",
    "city": "BENTONVILLE",
    "state": "AR"
  },
  {
    "id": "28AK",
    "name": "Gates Ranch",
    "city": "GLACIER VIEW",
    "state": "AK"
  },
  {
    "id": "28AR",
    "name": "Henley Aerodrome",
    "city": "CHARLOTTE",
    "state": "AR"
  },
  {
    "id": "29A",
    "name": "Island Lake",
    "city": "WASILLA",
    "state": "AK"
  },
  {
    "id": "29AK",
    "name": "Remington Fld",
    "city": "DELTA JUNCTION",
    "state": "AK"
  },
  {
    "id": "2A3",
    "name": "Larsen Bay",
    "city": "LARSEN BAY",
    "state": "AK"
  },
  {
    "id": "2A8",
    "name": "Addison Muni",
    "city": "ADDISON",
    "state": "AL"
  },
  {
    "id": "2A9",
    "name": "Kotlik",
    "city": "KOTLIK",
    "state": "AK"
  },
  {
    "id": "2AK",
    "name": "Lime Village",
    "city": "LIME VILLAGE",
    "state": "AK"
  },
  {
    "id": "2AK0",
    "name": "Mac Kenzie Country Airpark",
    "city": "POINT MACKENZIE",
    "state": "AK"
  },
  {
    "id": "2AK1",
    "name": "Blair Lake",
    "city": "FAIRBANKS /FT WAINWRIGHT/",
    "state": "AK"
  },
  {
    "id": "2AK2",
    "name": "Clear Creek",
    "city": "FAIRBANKS /FT WAINWRIGHT/",
    "state": "AK"
  },
  {
    "id": "2AK3",
    "name": "Five Finger Cg",
    "city": "FIVE FINGER",
    "state": "AK"
  },
  {
    "id": "2AK4",
    "name": "Bootleggers Cove",
    "city": "HOMER",
    "state": "AK"
  },
  {
    "id": "2AK5",
    "name": "Johnstone Point",
    "city": "HINCHINBROOK",
    "state": "AK"
  },
  {
    "id": "2AK6",
    "name": "Hog River",
    "city": "HOGATZA",
    "state": "AK"
  },
  {
    "id": "2AK8",
    "name": "Icy Cape Afs",
    "city": "ICY CAPE",
    "state": "AK"
  },
  {
    "id": "2AL1",
    "name": "Collier Airpark",
    "city": "MAGNOLIA SPRINGS",
    "state": "AL"
  },
  {
    "id": "2AL2",
    "name": "Roanoke Volunteer Fire Department",
    "city": "ROANOKE",
    "state": "AL"
  },
  {
    "id": "2AL3",
    "name": "Emerald Mountain",
    "city": "WETUMPKA",
    "state": "AL"
  },
  {
    "id": "2AL5",
    "name": "Flying H Ranch",
    "city": "FORT PAYNE",
    "state": "AL"
  },
  {
    "id": "2AL7",
    "name": "Mount Aero Lake Farm",
    "city": "HANCEVILLE",
    "state": "AL"
  },
  {
    "id": "2AL8",
    "name": "Finkley Farm",
    "city": "PHENIX CITY",
    "state": "AL"
  },
  {
    "id": "2C7",
    "name": "Shaktoolik",
    "city": "SHAKTOOLIK",
    "state": "AK"
  },
  {
    "id": "2D3",
    "name": "Gooding Lake",
    "city": "PALMER",
    "state": "AK"
  },
  {
    "id": "2K5",
    "name": "Telida",
    "city": "TELIDA",
    "state": "AK"
  },
  {
    "id": "2OK",
    "name": "Alaska Rgnl Hospital",
    "city": "ANCHORAGE",
    "state": "AK"
  },
  {
    "id": "2R3",
    "name": "Island Lake",
    "city": "KENAI",
    "state": "AK"
  },
  {
    "id": "2R5",
    "name": "St Elmo",
    "city": "ST ELMO",
    "state": "AL"
  },
  {
    "id": "2X2",
    "name": "Willow Spb",
    "city": "WILLOW",
    "state": "AK"
  },
  {
    "id": "2Y3",
    "name": "Yakutat",
    "city": "YAKUTAT",
    "state": "AK"
  },
  {
    "id": "2Z2",
    "name": "Eureka Creek",
    "city": "EUREKA CREEK",
    "state": "AK"
  },
  {
    "id": "2Z3",
    "name": "Eva Creek",
    "city": "EVA CREEK",
    "state": "AK"
  },
  {
    "id": "2Z5",
    "name": "Chena River",
    "city": "FAIRBANKS",
    "state": "AK"
  },
  {
    "id": "2Z6",
    "name": "False Island",
    "city": "FALSE ISLAND",
    "state": "AK"
  },
  {
    "id": "30AK",
    "name": "Doyle Estates",
    "city": "KENAI",
    "state": "AK"
  },
  {
    "id": "30AL",
    "name": "Med Flight 2",
    "city": "DANVILLE",
    "state": "AL"
  },
  {
    "id": "31AK",
    "name": "Dalrymple's",
    "city": "FAIRBANKS",
    "state": "AK"
  },
  {
    "id": "32AK",
    "name": "Hardrock Fld",
    "city": "FAIRBANKS",
    "state": "AK"
  },
  {
    "id": "33AK",
    "name": "Nugget Bench",
    "city": "NUGGET BENCH",
    "state": "AK"
  },
  {
    "id": "33J",
    "name": "Geneva Muni",
    "city": "GENEVA",
    "state": "AL"
  },
  {
    "id": "34AK",
    "name": "Cardwell Strip",
    "city": "PALMER",
    "state": "AK"
  },
  {
    "id": "34AL",
    "name": "Gaston Steam Plant",
    "city": "WILSONVILLE",
    "state": "AL"
  },
  {
    "id": "35AK",
    "name": "Poker Bluff",
    "city": "WILLOW",
    "state": "AK"
  },
  {
    "id": "35AL",
    "name": "Silcox Meml",
    "city": "CITRONELLE",
    "state": "AL"
  },
  {
    "id": "36AK",
    "name": "Flyway Farm Airstrip",
    "city": "WASILLA",
    "state": "AK"
  },
  {
    "id": "36AL",
    "name": "Hidden Springs Airpark",
    "city": "OZARK",
    "state": "AL"
  },
  {
    "id": "36H",
    "name": "Squaw Harbor",
    "city": "SQUAW HARBOR",
    "state": "AK"
  },
  {
    "id": "37AA",
    "name": "Point Thomson Airstrip",
    "city": "DEADHORSE",
    "state": "AK"
  },
  {
    "id": "37AK",
    "name": "Big Mountain",
    "city": "BIG MOUNTAIN",
    "state": "AK"
  },
  {
    "id": "37T",
    "name": "Calico Rock Muni",
    "city": "CALICO ROCK",
    "state": "AR"
  },
  {
    "id": "38AK",
    "name": "Mels",
    "city": "WASILLA",
    "state": "AK"
  },
  {
    "id": "39AK",
    "name": "Kroenke Strip",
    "city": "PALMER",
    "state": "AK"
  },
  {
    "id": "3A3",
    "name": "Seymour Lake",
    "city": "WASILLA",
    "state": "AK"
  },
  {
    "id": "3A7",
    "name": "Eutaw Muni",
    "city": "EUTAW",
    "state": "AL"
  },
  {
    "id": "3AK",
    "name": "Dry Bay",
    "city": "YAKUTAT",
    "state": "AK"
  },
  {
    "id": "3AK2",
    "name": "Niklason Lake Estates",
    "city": "PALMER",
    "state": "AK"
  },
  {
    "id": "3AK3",
    "name": "Songlo Vista",
    "city": "TALKEETNA",
    "state": "AK"
  },
  {
    "id": "3AK4",
    "name": "Johnson",
    "city": "KENAI",
    "state": "AK"
  },
  {
    "id": "3AK5",
    "name": "Drift River",
    "city": "KENAI",
    "state": "AK"
  },
  {
    "id": "3AK6",
    "name": "B & B Boys Ranch",
    "city": "PALMER",
    "state": "AK"
  },
  {
    "id": "3AK7",
    "name": "Laub",
    "city": "WILLOW",
    "state": "AK"
  },
  {
    "id": "3AK8",
    "name": "Boisselle's Strip",
    "city": "WASILLA",
    "state": "AK"
  },
  {
    "id": "3AL0",
    "name": "Fayette Medical Center",
    "city": "FAYETTE",
    "state": "AL"
  },
  {
    "id": "3AL1",
    "name": "Flying H Ranch",
    "city": "HARTFORD",
    "state": "AL"
  },
  {
    "id": "3AL2",
    "name": "East Alabama Medical Center",
    "city": "OPELIKA",
    "state": "AL"
  },
  {
    "id": "3AL3",
    "name": "Tuscaloosa Police Department",
    "city": "TUSCALOOSA",
    "state": "AL"
  },
  {
    "id": "3AL4",
    "name": "Foley Hospital",
    "city": "FOLEY",
    "state": "AL"
  },
  {
    "id": "3AL5",
    "name": "Edwards Farm",
    "city": "JACKSONVILLE",
    "state": "AL"
  },
  {
    "id": "3AL6",
    "name": "Town & Country Airpark",
    "city": "ODENVILLE",
    "state": "AL"
  },
  {
    "id": "3AL8",
    "name": "Flint River Ranch",
    "city": "OWENS CROSSROADS",
    "state": "AL"
  },
  {
    "id": "3AL9",
    "name": "Cullman Rgnl Medical Center",
    "city": "CULLMAN",
    "state": "AL"
  },
  {
    "id": "3AR3",
    "name": "Cypress Creek",
    "city": "CABOT",
    "state": "AR"
  },
  {
    "id": "3H3",
    "name": "Cottonwood Lake",
    "city": "WASILLA",
    "state": "AK"
  },
  {
    "id": "3K9",
    "name": "Upper Wasilla Lake",
    "city": "WASILLA",
    "state": "AK"
  },
  {
    "id": "3M5",
    "name": "Moontown",
    "city": "HUNTSVILLE",
    "state": "AL"
  },
  {
    "id": "3M8",
    "name": "North Pickens",
    "city": "REFORM",
    "state": "AL"
  },
  {
    "id": "3T4",
    "name": "Tetlin",
    "city": "TETLIN",
    "state": "AK"
  },
  {
    "id": "3Z1",
    "name": "Feather River",
    "city": "FEATHER RIVER",
    "state": "AK"
  },
  {
    "id": "3Z8",
    "name": "Golden Horn Lodge",
    "city": "GOLDEN HORN LODGE",
    "state": "AK"
  },
  {
    "id": "40AK",
    "name": "Sterling Air Park",
    "city": "STERLING",
    "state": "AK"
  },
  {
    "id": "41AK",
    "name": "Settlers Bay Airstrip",
    "city": "WASILLA",
    "state": "AK"
  },
  {
    "id": "41AR",
    "name": "Ashworth",
    "city": "ARKADELPHIA",
    "state": "AR"
  },
  {
    "id": "43AK",
    "name": "Kalmbach",
    "city": "WASILLA",
    "state": "AK"
  },
  {
    "id": "43AL",
    "name": "Flat Rock Community Club",
    "city": "FLAT ROCK",
    "state": "AL"
  },
  {
    "id": "44AK",
    "name": "West Papoose Lake Airpark",
    "city": "WASILLA",
    "state": "AK"
  },
  {
    "id": "45AA",
    "name": "Davidson Strip",
    "city": "TALKEETNA",
    "state": "AK"
  },
  {
    "id": "45AK",
    "name": "Cherokee",
    "city": "DELTA JUNCTION",
    "state": "AK"
  },
  {
    "id": "46AK",
    "name": "Bear Cove Farm",
    "city": "HOMER",
    "state": "AK"
  },
  {
    "id": "46AL",
    "name": "Sly Pig's Base",
    "city": "SYLACAUGA",
    "state": "AL"
  },
  {
    "id": "47AK",
    "name": "Highland",
    "city": "EAGLE RIVER",
    "state": "AK"
  },
  {
    "id": "48AK",
    "name": "Castle Mountain Airstrip",
    "city": "CHICKALOON",
    "state": "AK"
  },
  {
    "id": "49AK",
    "name": "Secluded Lake",
    "city": "TALKEETNA",
    "state": "AK"
  },
  {
    "id": "4A2",
    "name": "Atmautluak",
    "city": "ATMAUTLUAK",
    "state": "AK"
  },
  {
    "id": "4A3",
    "name": "Lake Lucille",
    "city": "WASILLA",
    "state": "AK"
  },
  {
    "id": "4A6",
    "name": "Scottsboro Muni-Word Fld",
    "city": "SCOTTSBORO",
    "state": "AL"
  },
  {
    "id": "4A9",
    "name": "Isbell Fld",
    "city": "FORT PAYNE",
    "state": "AL"
  },
  {
    "id": "4AA4",
    "name": "South Peninsula Hospital",
    "city": "HOMER",
    "state": "AK"
  },
  {
    "id": "4AK",
    "name": "Livengood Camp",
    "city": "LIVENGOOD",
    "state": "AK"
  },
  {
    "id": "4AK0",
    "name": "Niklason Lake",
    "city": "WASILLA",
    "state": "AK"
  },
  {
    "id": "4AK1",
    "name": "Inigok",
    "city": "DEADHORSE",
    "state": "AK"
  },
  {
    "id": "4AK2",
    "name": "St John Homestead",
    "city": "WASILLA",
    "state": "AK"
  },
  {
    "id": "4AK3",
    "name": "Long Lake",
    "city": "LONG LAKE",
    "state": "AK"
  },
  {
    "id": "4AK5",
    "name": "Mankomen Lake",
    "city": "MANKOMEN LAKE",
    "state": "AK"
  },
  {
    "id": "4AK6",
    "name": "Wolf Lake",
    "city": "PALMER",
    "state": "AK"
  },
  {
    "id": "4AK7",
    "name": "Aleknagik Mission Strip",
    "city": "ALEKNAGIK",
    "state": "AK"
  },
  {
    "id": "4AK8",
    "name": "Napaimute Pioneer Airfield",
    "city": "NAPAIMUTE",
    "state": "AK"
  },
  {
    "id": "4AK9",
    "name": "Tibbetts",
    "city": "NAKNEK",
    "state": "AK"
  },
  {
    "id": "4AL2",
    "name": "St Vincent's Blt",
    "city": "ONEONTA",
    "state": "AL"
  },
  {
    "id": "4AL3",
    "name": "Treeo",
    "city": "DAPHNE",
    "state": "AL"
  },
  {
    "id": "4AL5",
    "name": "J5 Mike",
    "city": "WOODVILLE",
    "state": "AL"
  },
  {
    "id": "4AL6",
    "name": "Bonner Fld",
    "city": "SUMMERDALE",
    "state": "AL"
  },
  {
    "id": "4AL7",
    "name": "Leon's Landing",
    "city": "FLAT ROCK",
    "state": "AL"
  },
  {
    "id": "4AL8",
    "name": "Milton",
    "city": "HUNTSVILLE",
    "state": "AL"
  },
  {
    "id": "4AL9",
    "name": "T W Spear Meml",
    "city": "LAPINE",
    "state": "AL"
  },
  {
    "id": "4AR1",
    "name": "Shurley Fld",
    "city": "CABOT",
    "state": "AR"
  },
  {
    "id": "4AR2",
    "name": "Red Oak",
    "city": "CABOT",
    "state": "AR"
  },
  {
    "id": "4AR5",
    "name": "Lawrence Fld",
    "city": "CHERRY VALLEY",
    "state": "AR"
  },
  {
    "id": "4K0",
    "name": "Pedro Bay",
    "city": "PEDRO BAY",
    "state": "AK"
  },
  {
    "id": "4K5",
    "name": "Ouzinkie",
    "city": "OUZINKIE",
    "state": "AK"
  },
  {
    "id": "4KA",
    "name": "Tununak",
    "city": "TUNUNAK",
    "state": "AK"
  },
  {
    "id": "4M1",
    "name": "Carroll County",
    "city": "BERRYVILLE",
    "state": "AR"
  },
  {
    "id": "4M2",
    "name": "Booneville Muni",
    "city": "BOONEVILLE",
    "state": "AR"
  },
  {
    "id": "4M3",
    "name": "Carlisle Muni",
    "city": "CARLISLE",
    "state": "AR"
  },
  {
    "id": "4R3",
    "name": "Jackson Muni",
    "city": "JACKSON",
    "state": "AL"
  },
  {
    "id": "4R9",
    "name": "Jeremiah Denton",
    "city": "DAUPHIN ISLAND",
    "state": "AL"
  },
  {
    "id": "4Z5",
    "name": "Horsfeld",
    "city": "HORSFELD",
    "state": "AK"
  },
  {
    "id": "4Z7",
    "name": "Hyder",
    "city": "HYDER",
    "state": "AK"
  },
  {
    "id": "4Z9",
    "name": "Jakolof Bay",
    "city": "JAKOLOF BAY",
    "state": "AK"
  },
  {
    "id": "50AK",
    "name": "Robin's Landing",
    "city": "POINT MACKENZIE",
    "state": "AK"
  },
  {
    "id": "51AK",
    "name": "Birch Creek Landing",
    "city": "TALKEETNA",
    "state": "AK"
  },
  {
    "id": "51AL",
    "name": "Ardmore",
    "city": "ARDMORE",
    "state": "AL"
  },
  {
    "id": "51Z",
    "name": "Minto Al Wright",
    "city": "MINTO",
    "state": "AK"
  },
  {
    "id": "52AK",
    "name": "Crag Mountain",
    "city": "SUTTON",
    "state": "AK"
  },
  {
    "id": "52Z",
    "name": "Summit Lake",
    "city": "MOOSE PASS",
    "state": "AK"
  },
  {
    "id": "53AK",
    "name": "Lakewood Airstrip",
    "city": "STERLING",
    "state": "AK"
  },
  {
    "id": "54AK",
    "name": "Kalmbach Lake",
    "city": "WASILLA",
    "state": "AK"
  },
  {
    "id": "54AR",
    "name": "Winfield Airpark",
    "city": "ALTUS",
    "state": "AR"
  },
  {
    "id": "55AK",
    "name": "Lawrence Airstrip",
    "city": "WASILLA",
    "state": "AK"
  },
  {
    "id": "56AK",
    "name": "Hinkes",
    "city": "MC GRATH",
    "state": "AK"
  },
  {
    "id": "57A",
    "name": "Tokeen",
    "city": "TOKEEN",
    "state": "AK"
  },
  {
    "id": "57AL",
    "name": "Baswell",
    "city": "LOXLEY",
    "state": "AL"
  },
  {
    "id": "58A",
    "name": "Tolsona Lake",
    "city": "TOLSONA LAKE",
    "state": "AK"
  },
  {
    "id": "58AK",
    "name": "Fairview East",
    "city": "WASILLA",
    "state": "AK"
  },
  {
    "id": "59AK",
    "name": "Penderosa",
    "city": "WASILLA",
    "state": "AK"
  },
  {
    "id": "5A8",
    "name": "Aleknagik /New",
    "city": "ALEKNAGIK",
    "state": "AK"
  },
  {
    "id": "5AK",
    "name": "Tazlina/Smokey Lake",
    "city": "TAZLINA",
    "state": "AK"
  },
  {
    "id": "5AK0",
    "name": "Trading Bay Production",
    "city": "TRADING BAY",
    "state": "AK"
  },
  {
    "id": "5AK1",
    "name": "Beluga",
    "city": "TYONEK",
    "state": "AK"
  },
  {
    "id": "5AK2",
    "name": "Howards",
    "city": "NORTH POLE",
    "state": "AK"
  },
  {
    "id": "5AK3",
    "name": "Airway",
    "city": "NORTH POLE",
    "state": "AK"
  },
  {
    "id": "5AK5",
    "name": "Todds Strip",
    "city": "WASILLA",
    "state": "AK"
  },
  {
    "id": "5AK6",
    "name": "Colberg",
    "city": "PALMER",
    "state": "AK"
  },
  {
    "id": "5AK8",
    "name": "Memory Lake",
    "city": "WASILLA",
    "state": "AK"
  },
  {
    "id": "5AK9",
    "name": "Grandview Subdivision",
    "city": "PALMER",
    "state": "AK"
  },
  {
    "id": "5AL1",
    "name": "Mc Gowin Fld",
    "city": "CHAPMAN",
    "state": "AL"
  },
  {
    "id": "5AL2",
    "name": "Midstream Fuel Service",
    "city": "THEODORE",
    "state": "AL"
  },
  {
    "id": "5AL3",
    "name": "Flying X Ranch",
    "city": "MONTEVALLO",
    "state": "AL"
  },
  {
    "id": "5AL5",
    "name": "Big River Airpark",
    "city": "MUSCLE SHOALS",
    "state": "AL"
  },
  {
    "id": "5AL6",
    "name": "Lake Martin Community Hospital",
    "city": "DADEVILLE",
    "state": "AL"
  },
  {
    "id": "5AL7",
    "name": "John H Hataway",
    "city": "KINSTON",
    "state": "AL"
  },
  {
    "id": "5AL9",
    "name": "Athens-Limestone Hospital Helipad",
    "city": "ATHENS",
    "state": "AL"
  },
  {
    "id": "5BK",
    "name": "Black Rapids",
    "city": "BLACK RAPIDS",
    "state": "AK"
  },
  {
    "id": "5BL",
    "name": "Homer-Beluga Lake",
    "city": "HOMER",
    "state": "AK"
  },
  {
    "id": "5C5",
    "name": "El Capitan Lodge",
    "city": "CRAIG",
    "state": "AK"
  },
  {
    "id": "5CD",
    "name": "Chandalar Shelf",
    "city": "CHANDALAR CAMP",
    "state": "AK"
  },
  {
    "id": "5HO",
    "name": "Hope",
    "city": "HOPE",
    "state": "AK"
  },
  {
    "id": "5KE",
    "name": "Ketchikan Harbor",
    "city": "KETCHIKAN",
    "state": "AK"
  },
  {
    "id": "5KS",
    "name": "Kasilof",
    "city": "KASILOF",
    "state": "AK"
  },
  {
    "id": "5L6",
    "name": "Wasilla Lake",
    "city": "WASILLA",
    "state": "AK"
  },
  {
    "id": "5M0",
    "name": "Hartselle/Morgan County Rgnl",
    "city": "HARTSELLE",
    "state": "AL"
  },
  {
    "id": "5NK",
    "name": "Naknek",
    "city": "NAKNEK",
    "state": "AK"
  },
  {
    "id": "5NN",
    "name": "Nondalton",
    "city": "NONDALTON",
    "state": "AK"
  },
  {
    "id": "5QC",
    "name": "Quartz Creek / Kougarok",
    "city": "QUARTZ CREEK",
    "state": "AK"
  },
  {
    "id": "5R1",
    "name": "Roy Wilcox",
    "city": "CHATOM",
    "state": "AL"
  },
  {
    "id": "5R4",
    "name": "Holk Fld At Foley Muni",
    "city": "FOLEY",
    "state": "AL"
  },
  {
    "id": "5R7",
    "name": "Roy E Ray",
    "city": "BAYOU LA BATRE",
    "state": "AL"
  },
  {
    "id": "5Z4",
    "name": "Ans Hospital",
    "city": "KANAKANAK",
    "state": "AK"
  },
  {
    "id": "5Z5",
    "name": "Kantishna",
    "city": "KANTISHNA",
    "state": "AK"
  },
  {
    "id": "5Z9",
    "name": "Lake Brooks",
    "city": "KATMAI NATIONAL PARK",
    "state": "AK"
  },
  {
    "id": "60AK",
    "name": "Carol's",
    "city": "WASILLA",
    "state": "AK"
  },
  {
    "id": "61A",
    "name": "Camden Muni",
    "city": "CAMDEN",
    "state": "AL"
  },
  {
    "id": "61AK",
    "name": "Era Chulitna River",
    "city": "TRAPPER CREEK/TALKEETNA",
    "state": "AK"
  },
  {
    "id": "62AK",
    "name": "Wallis Lake",
    "city": "WASILLA",
    "state": "AK"
  },
  {
    "id": "62AL",
    "name": "Skywest Airpark",
    "city": "MOBILE",
    "state": "AL"
  },
  {
    "id": "63A",
    "name": "Lloyd R Roundtree Seaplane Facility",
    "city": "PETERSBURG",
    "state": "AK"
  },
  {
    "id": "63AK",
    "name": "Kucera Residence",
    "city": "BIG LAKE",
    "state": "AK"
  },
  {
    "id": "64AK",
    "name": "Carpentiers Strip",
    "city": "POINT MACKENZIE",
    "state": "AK"
  },
  {
    "id": "65AK",
    "name": "Fairview Landing",
    "city": "WASILLA",
    "state": "AK"
  },
  {
    "id": "66AK",
    "name": "June Lake",
    "city": "WASILLA",
    "state": "AK"
  },
  {
    "id": "67A",
    "name": "Fort Deposit-Lowndes County",
    "city": "FORT DEPOSIT",
    "state": "AL"
  },
  {
    "id": "67AK",
    "name": "South Hollywood",
    "city": "WASILLA",
    "state": "AK"
  },
  {
    "id": "68A",
    "name": "Wrangell",
    "city": "WRANGELL",
    "state": "AK"
  },
  {
    "id": "68AK",
    "name": "Cowell's",
    "city": "BIG LAKE",
    "state": "AK"
  },
  {
    "id": "68AL",
    "name": "Heart of Dixie Aero Estates",
    "city": "GREENVILLE",
    "state": "AL"
  },
  {
    "id": "69AK",
    "name": "Memory Lake",
    "city": "WASILLA",
    "state": "AK"
  },
  {
    "id": "6A7",
    "name": "Brocker Lake",
    "city": "BIG LAKE",
    "state": "AK"
  },
  {
    "id": "6A8",
    "name": "Allakaket",
    "city": "ALLAKAKET",
    "state": "AK"
  },
  {
    "id": "6AK",
    "name": "Rainy Pass Lodge",
    "city": "RAINY PASS",
    "state": "AK"
  },
  {
    "id": "6AK1",
    "name": "Platinum Mine",
    "city": "PLATINUM",
    "state": "AK"
  },
  {
    "id": "6AK2",
    "name": "Sleepers Strip",
    "city": "POINT MACKENZIE",
    "state": "AK"
  },
  {
    "id": "6AK3",
    "name": "Butler Aviation",
    "city": "KENAI",
    "state": "AK"
  },
  {
    "id": "6AK5",
    "name": "Fire Island",
    "city": "ANCHORAGE",
    "state": "AK"
  },
  {
    "id": "6AK7",
    "name": "Rainbow Heights Estates Airstrip",
    "city": "WASILLA",
    "state": "AK"
  },
  {
    "id": "6AK8",
    "name": "Tulakes",
    "city": "WASILLA",
    "state": "AK"
  },
  {
    "id": "6AK9",
    "name": "Cizek North",
    "city": "WASILLA",
    "state": "AK"
  },
  {
    "id": "6AL6",
    "name": "Hawthorn Pines",
    "city": "CHATOM",
    "state": "AL"
  },
  {
    "id": "6AR1",
    "name": "Elder Airstrip",
    "city": "CAVE SPRINGS",
    "state": "AR"
  },
  {
    "id": "6K8",
    "name": "Tok Junction",
    "city": "TOK",
    "state": "AK"
  },
  {
    "id": "6R7",
    "name": "Old Harbor",
    "city": "OLD HARBOR",
    "state": "AK"
  },
  {
    "id": "70AK",
    "name": "Bangerter Fld",
    "city": "SOLDOTNA",
    "state": "AK"
  },
  {
    "id": "71AK",
    "name": "Bluff Park Farm",
    "city": "WASILLA",
    "state": "AK"
  },
  {
    "id": "71AL",
    "name": "Sells",
    "city": "GREENVILLE",
    "state": "AL"
  },
  {
    "id": "71J",
    "name": "Ozark/Blackwell Fld",
    "city": "OZARK",
    "state": "AL"
  },
  {
    "id": "72AK",
    "name": "Trophy Lodge",
    "city": "DELTA JUNCTION",
    "state": "AK"
  },
  {
    "id": "73AK",
    "name": "Yankee Cove",
    "city": "JUNEAU",
    "state": "AK"
  },
  {
    "id": "73AR",
    "name": "Dogwood",
    "city": "CABOT",
    "state": "AR"
  },
  {
    "id": "75AK",
    "name": "Henley",
    "city": "KENAI",
    "state": "AK"
  },
  {
    "id": "76AK",
    "name": "Pogo Mine Airstrip",
    "city": "DELTA JUNCTION",
    "state": "AK"
  },
  {
    "id": "76Z",
    "name": "Nakeen",
    "city": "NAKEEN",
    "state": "AK"
  },
  {
    "id": "77AK",
    "name": "Tidewater",
    "city": "WASILLA",
    "state": "AK"
  },
  {
    "id": "78AA",
    "name": "Lakewood",
    "city": "NORTH POLE",
    "state": "AK"
  },
  {
    "id": "78AK",
    "name": "C T S",
    "city": "WILLOW",
    "state": "AK"
  },
  {
    "id": "78K",
    "name": "Yes Bay Lodge",
    "city": "YES BAY",
    "state": "AK"
  },
  {
    "id": "78Z",
    "name": "Nancy Lake",
    "city": "NANCY LAKE",
    "state": "AK"
  },
  {
    "id": "79AK",
    "name": "Huttunen Strip",
    "city": "WASILLA",
    "state": "AK"
  },
  {
    "id": "79J",
    "name": "South Alabama Rgnl At Bill Benton Fld",
    "city": "ANDALUSIA",
    "state": "AL"
  },
  {
    "id": "7A0",
    "name": "Greensboro Muni",
    "city": "GREENSBORO",
    "state": "AL"
  },
  {
    "id": "7A3",
    "name": "Lanett Rgnl",
    "city": "LANETT",
    "state": "AL"
  },
  {
    "id": "7A5",
    "name": "Roanoke Muni Enloe",
    "city": "ROANOKE",
    "state": "AL"
  },
  {
    "id": "7A6",
    "name": "Stevenson",
    "city": "STEVENSON",
    "state": "AL"
  },
  {
    "id": "7AK",
    "name": "Akutan",
    "city": "AKUTAN",
    "state": "AK"
  },
  {
    "id": "7AK2",
    "name": "Snettisham",
    "city": "SNETTISHAM",
    "state": "AK"
  },
  {
    "id": "7AK3",
    "name": "Gaede",
    "city": "SOLDOTNA",
    "state": "AK"
  },
  {
    "id": "7AK4",
    "name": "Jack Fish Landing",
    "city": "WASILLA",
    "state": "AK"
  },
  {
    "id": "7AK5",
    "name": "Dahler Homestead",
    "city": "SOLDOTNA",
    "state": "AK"
  },
  {
    "id": "7AK6",
    "name": "Dan France",
    "city": "SOLDOTNA",
    "state": "AK"
  },
  {
    "id": "7AK7",
    "name": "Temsco Helicopters Inc.",
    "city": "HEALY",
    "state": "AK"
  },
  {
    "id": "7AK8",
    "name": "Crosswinds Landing",
    "city": "WASILLA",
    "state": "AK"
  },
  {
    "id": "7AK9",
    "name": "Vinduska",
    "city": "PALMER",
    "state": "AK"
  },
  {
    "id": "7AL2",
    "name": "Peterson Fld",
    "city": "STEELE",
    "state": "AL"
  },
  {
    "id": "7AL5",
    "name": "Liberty Fld",
    "city": "PINCKARD",
    "state": "AL"
  },
  {
    "id": "7AL7",
    "name": "Pratt Landing",
    "city": "MADRID",
    "state": "AL"
  },
  {
    "id": "7AL8",
    "name": "Florala Emergency Helipad",
    "city": "FLORALA",
    "state": "AL"
  },
  {
    "id": "7AL9",
    "name": "Horak",
    "city": "ELBERTA",
    "state": "AL"
  },
  {
    "id": "7KA",
    "name": "Tatitlek",
    "city": "TATITLEK",
    "state": "AK"
  },
  {
    "id": "80A",
    "name": "American Creek",
    "city": "AMERICAN CREEK",
    "state": "AK"
  },
  {
    "id": "80AK",
    "name": "Morvro Lake",
    "city": "HOUSTON",
    "state": "AK"
  },
  {
    "id": "81AK",
    "name": "Mc Kinley Country",
    "city": "TRAPPER CREEK",
    "state": "AK"
  },
  {
    "id": "83AK",
    "name": "Tolovana Hot Springs",
    "city": "FAIRBANKS",
    "state": "AK"
  },
  {
    "id": "84AL",
    "name": "Blessings Landing Air Ranch",
    "city": "PINCKARD",
    "state": "AL"
  },
  {
    "id": "84K",
    "name": "Meyers Chuck",
    "city": "MEYERS CHUCK",
    "state": "AK"
  },
  {
    "id": "85AK",
    "name": "Marion",
    "city": "BIG LAKE",
    "state": "AK"
  },
  {
    "id": "86AK",
    "name": "Hoppes",
    "city": "BIG LAKE",
    "state": "AK"
  },
  {
    "id": "87AK",
    "name": "Soloy Strip",
    "city": "WASILLA",
    "state": "AK"
  },
  {
    "id": "88AK",
    "name": "Dutch Landing Strip",
    "city": "STERLING",
    "state": "AK"
  },
  {
    "id": "89AK",
    "name": "Lincoln Village Airpark",
    "city": "WASILLA",
    "state": "AK"
  },
  {
    "id": "8A1",
    "name": "Guntersville Muni/Joe Starnes Fld",
    "city": "GUNTERSVILLE",
    "state": "AL"
  },
  {
    "id": "8AK1",
    "name": "Jacobus Fld",
    "city": "GULKANA",
    "state": "AK"
  },
  {
    "id": "8AK2",
    "name": "Cartys Airstrip",
    "city": "KENAI",
    "state": "AK"
  },
  {
    "id": "8AK3",
    "name": "Roland Norton Meml Airstrip",
    "city": "SELAWIK",
    "state": "AK"
  },
  {
    "id": "8AK6",
    "name": "Little Susitna",
    "city": "SUSITNA STATION",
    "state": "AK"
  },
  {
    "id": "8AK7",
    "name": "Bullen Point Air Force Station",
    "city": "KAKTOVIK",
    "state": "AK"
  },
  {
    "id": "8AK8",
    "name": "North Cubs Strip",
    "city": "WASILLA",
    "state": "AK"
  },
  {
    "id": "8AK9",
    "name": "Tok 2",
    "city": "TOK",
    "state": "AK"
  },
  {
    "id": "8AL3",
    "name": "Fricks Fld",
    "city": "BOAZ",
    "state": "AL"
  },
  {
    "id": "8AL9",
    "name": "Wiregrass Hospital",
    "city": "GENEVA",
    "state": "AL"
  },
  {
    "id": "8K9",
    "name": "Murphys Pullout",
    "city": "KETCHIKAN",
    "state": "AK"
  },
  {
    "id": "8KA",
    "name": "Tatitna",
    "city": "TATITNA",
    "state": "AK"
  },
  {
    "id": "90AK",
    "name": "Northstar",
    "city": "PRUDHOE BAY/DEADHORSE",
    "state": "AK"
  },
  {
    "id": "91AK",
    "name": "Kucera",
    "city": "BIG LAKE",
    "state": "AK"
  },
  {
    "id": "92AK",
    "name": "Mat-Su Rgnl Medical Center",
    "city": "PALMER",
    "state": "AK"
  },
  {
    "id": "94Z",
    "name": "Nome City Fld",
    "city": "NOME",
    "state": "AK"
  },
  {
    "id": "95AK",
    "name": "Brown's Homestead",
    "city": "BIG LAKE",
    "state": "AK"
  },
  {
    "id": "95Z",
    "name": "Bradley Sky-Ranch",
    "city": "NORTH POLE",
    "state": "AK"
  },
  {
    "id": "96AK",
    "name": "Hackney Landing",
    "city": "CLAM GULCH",
    "state": "AK"
  },
  {
    "id": "97AK",
    "name": "High Ridge Association",
    "city": "PALMER",
    "state": "AK"
  },
  {
    "id": "98AK",
    "name": "Eastland",
    "city": "HOMER",
    "state": "AK"
  },
  {
    "id": "99AK",
    "name": "Moore Creek",
    "city": "MOORE CREEK",
    "state": "AK"
  },
  {
    "id": "99Z",
    "name": "Finger Lake",
    "city": "PALMER",
    "state": "AK"
  },
  {
    "id": "9A3",
    "name": "Chuathbaluk",
    "city": "CHUATHBALUK",
    "state": "AK"
  },
  {
    "id": "9A4",
    "name": "Courtland",
    "city": "COURTLAND",
    "state": "AL"
  },
  {
    "id": "9A8",
    "name": "Ugashik",
    "city": "UGASHIK",
    "state": "AK"
  },
  {
    "id": "9AK",
    "name": "Totatlanika River",
    "city": "TOTATLANIKA RIVER",
    "state": "AK"
  },
  {
    "id": "9AK0",
    "name": "Sportsmens Paradise",
    "city": "TOK",
    "state": "AK"
  },
  {
    "id": "9AK1",
    "name": "Stormy Hill",
    "city": "PALMER",
    "state": "AK"
  },
  {
    "id": "9AK2",
    "name": "Kako",
    "city": "RUSSIAN MISSION",
    "state": "AK"
  },
  {
    "id": "9AK3",
    "name": "Nikolai Creek",
    "city": "TYONEK",
    "state": "AK"
  },
  {
    "id": "9AK4",
    "name": "Arctic Angel",
    "city": "DELTA JUNCTION",
    "state": "AK"
  },
  {
    "id": "9AK5",
    "name": "Sky Harbor",
    "city": "ANCHORAGE",
    "state": "AK"
  },
  {
    "id": "9AK6",
    "name": "Leisurewood Airstrip",
    "city": "WASILLA",
    "state": "AK"
  },
  {
    "id": "9AK7",
    "name": "Cubdivision",
    "city": "BIG LAKE",
    "state": "AK"
  },
  {
    "id": "9AK8",
    "name": "Wolf Track",
    "city": "WASILLA",
    "state": "AK"
  },
  {
    "id": "9C0",
    "name": "Peninsula Point Pullout",
    "city": "KETCHIKAN",
    "state": "AK"
  },
  {
    "id": "9K2",
    "name": "Kokhanok",
    "city": "KOKHANOK",
    "state": "AK"
  },
  {
    "id": "9Z3",
    "name": "Kodiak/Lilly Lake",
    "city": "KODIAK",
    "state": "AK"
  },
  {
    "id": "9Z8",
    "name": "Levelock",
    "city": "LEVELOCK",
    "state": "AK"
  },
  {
    "id": "9Z9",
    "name": "Lawing",
    "city": "LAWING",
    "state": "AK"
  },
  {
    "id": "A08",
    "name": "Vaiden Fld",
    "city": "MARION",
    "state": "AL"
  },
  {
    "id": "A11",
    "name": "Campbell Lake",
    "city": "ANCHORAGE",
    "state": "AK"
  },
  {
    "id": "A13",
    "name": "Bold",
    "city": "ANCHORAGE",
    "state": "AK"
  },
  {
    "id": "A14",
    "name": "Portage Creek",
    "city": "PORTAGE CREEK",
    "state": "AK"
  },
  {
    "id": "A23",
    "name": "Saginaw",
    "city": "SAGINAW BAY",
    "state": "AK"
  },
  {
    "id": "A27",
    "name": "Seldovia",
    "city": "SELDOVIA",
    "state": "AK"
  },
  {
    "id": "A29",
    "name": "Sitka",
    "city": "SITKA",
    "state": "AK"
  },
  {
    "id": "A43",
    "name": "Taku Harbor",
    "city": "TAKU HARBOR",
    "state": "AK"
  },
  {
    "id": "A57",
    "name": "Alsek River",
    "city": "YAKUTAT",
    "state": "AK"
  },
  {
    "id": "A61",
    "name": "Tuntutuliak",
    "city": "TUNTUTULIAK",
    "state": "AK"
  },
  {
    "id": "A63",
    "name": "Twin Hills",
    "city": "TWIN HILLS",
    "state": "AK"
  },
  {
    "id": "A67",
    "name": "Harlequin Lake",
    "city": "YAKUTAT",
    "state": "AK"
  },
  {
    "id": "A68",
    "name": "Situk",
    "city": "YAKUTAT",
    "state": "AK"
  },
  {
    "id": "A69",
    "name": "Tanis Mesa",
    "city": "YAKUTAT",
    "state": "AK"
  },
  {
    "id": "A77",
    "name": "Yankee Creek 2",
    "city": "YANKEE CREEK",
    "state": "AK"
  },
  {
    "id": "A79",
    "name": "Chignik Lake",
    "city": "CHIGNIK LAKE",
    "state": "AK"
  },
  {
    "id": "AA00",
    "name": "Shump",
    "city": "TALKEETNA",
    "state": "AK"
  },
  {
    "id": "AA01",
    "name": "West Beaver",
    "city": "BIG LAKE",
    "state": "AK"
  },
  {
    "id": "AA02",
    "name": "Horseshoe Lake",
    "city": "BIG LAKE",
    "state": "AK"
  },
  {
    "id": "AA03",
    "name": "Central Pad",
    "city": "DEADHORSE",
    "state": "AK"
  },
  {
    "id": "AA04",
    "name": "Viking",
    "city": "ANCHORAGE",
    "state": "AK"
  },
  {
    "id": "AA06",
    "name": "Sixmile Lake",
    "city": "ANCHORAGE",
    "state": "AK"
  },
  {
    "id": "AA07",
    "name": "Saddleback Island",
    "city": "BIG LAKE",
    "state": "AK"
  },
  {
    "id": "AA11",
    "name": "Misty Lake",
    "city": "WASILLA",
    "state": "AK"
  },
  {
    "id": "AA12",
    "name": "Dove Island Lodge",
    "city": "SITKA",
    "state": "AK"
  },
  {
    "id": "AA15",
    "name": "Shannons Pond",
    "city": "DILLINGHAM",
    "state": "AK"
  },
  {
    "id": "AA22",
    "name": "Delta Daves",
    "city": "DELTA JUNCTION",
    "state": "AK"
  },
  {
    "id": "AA27",
    "name": "Otp",
    "city": "NUIQSUT",
    "state": "AK"
  },
  {
    "id": "AA30",
    "name": "Trio Estates",
    "city": "HOUSTON",
    "state": "AK"
  },
  {
    "id": "AA33",
    "name": "Gus Landing",
    "city": "HOUSTON",
    "state": "AK"
  },
  {
    "id": "AA35",
    "name": "35 Mile Lodge",
    "city": "HAINES",
    "state": "AK"
  },
  {
    "id": "AA38",
    "name": "Nikaitchuq Operations Center",
    "city": "KUPARUK",
    "state": "AK"
  },
  {
    "id": "AA44",
    "name": "Barlett Rgnl Hospital",
    "city": "JUNEAU",
    "state": "AK"
  },
  {
    "id": "AA51",
    "name": "Spy Island Drill-Site",
    "city": "KUPARUK",
    "state": "AK"
  },
  {
    "id": "AA76",
    "name": "Timber Trails",
    "city": "NORTH POLE",
    "state": "AK"
  },
  {
    "id": "AA85",
    "name": "Walby Lake",
    "city": "PALMER",
    "state": "AK"
  },
  {
    "id": "ADF",
    "name": "Dexter B Florence Meml Fld",
    "city": "ARKADELPHIA",
    "state": "AR"
  },
  {
    "id": "ADK",
    "name": "Adak",
    "city": "ADAK ISLAND",
    "state": "AK"
  },
  {
    "id": "ADQ",
    "name": "Kodiak",
    "city": "KODIAK",
    "state": "AK"
  },
  {
    "id": "AFE",
    "name": "Kake",
    "city": "KAKE",
    "state": "AK"
  },
  {
    "id": "AFM",
    "name": "Ambler",
    "city": "AMBLER",
    "state": "AK"
  },
  {
    "id": "AGN",
    "name": "Angoon",
    "city": "ANGOON",
    "state": "AK"
  },
  {
    "id": "AHP",
    "name": "Port Alexander",
    "city": "PORT ALEXANDER",
    "state": "AK"
  },
  {
    "id": "AIV",
    "name": "George Downer",
    "city": "ALICEVILLE",
    "state": "AL"
  },
  {
    "id": "AJC",
    "name": "Chignik",
    "city": "CHIGNIK",
    "state": "AK"
  },
  {
    "id": "AK0",
    "name": "Jakes Bar",
    "city": "MCCARTHY",
    "state": "AK"
  },
  {
    "id": "AK00",
    "name": "Anchor River Airpark",
    "city": "ANCHOR POINT",
    "state": "AK"
  },
  {
    "id": "AK01",
    "name": "Alaska Airpark",
    "city": "STERLING",
    "state": "AK"
  },
  {
    "id": "AK02",
    "name": "Bear Creek 1",
    "city": "BEAR CREEK",
    "state": "AK"
  },
  {
    "id": "AK03",
    "name": "Wainwright AS",
    "city": "WAINWRIGHT",
    "state": "AK"
  },
  {
    "id": "AK05",
    "name": "Breeden",
    "city": "STERLING",
    "state": "AK"
  },
  {
    "id": "AK06",
    "name": "Denali",
    "city": "MCKINLEY PARK",
    "state": "AK"
  },
  {
    "id": "AK08",
    "name": "Thomas Strip",
    "city": "WILLOW",
    "state": "AK"
  },
  {
    "id": "AK09",
    "name": "Wingsong Estates",
    "city": "DELTA JUNCTION",
    "state": "AK"
  },
  {
    "id": "AK1",
    "name": "Butte Muni",
    "city": "PALMER",
    "state": "AK"
  },
  {
    "id": "AK10",
    "name": "Ak-10 Airstrip",
    "city": "WILLOW",
    "state": "AK"
  },
  {
    "id": "AK12",
    "name": "Flying Crown",
    "city": "ANCHORAGE",
    "state": "AK"
  },
  {
    "id": "AK13",
    "name": "Chena Hot Springs",
    "city": "CHENA HOT SPRINGS",
    "state": "AK"
  },
  {
    "id": "AK14",
    "name": "Turinsky Airstrip",
    "city": "POINT MACKENZIE",
    "state": "AK"
  },
  {
    "id": "AK15",
    "name": "Alpine Airstrip",
    "city": "NUIQSUT",
    "state": "AK"
  },
  {
    "id": "AK16",
    "name": "Sunset Strip",
    "city": "WASILLA",
    "state": "AK"
  },
  {
    "id": "AK17",
    "name": "Glacierview Strip",
    "city": "HOMER",
    "state": "AK"
  },
  {
    "id": "AK18",
    "name": "Camp Point",
    "city": "HOMER",
    "state": "AK"
  },
  {
    "id": "AK19",
    "name": "Carl's Landing",
    "city": "TALKEETNA",
    "state": "AK"
  },
  {
    "id": "AK20",
    "name": "Cd-3 Airstrip",
    "city": "NUIQSUT",
    "state": "AK"
  },
  {
    "id": "AK21",
    "name": "Nushagak",
    "city": "DILLINGHAM",
    "state": "AK"
  },
  {
    "id": "AK22",
    "name": "Lakloey Air Park",
    "city": "FAIRBANKS",
    "state": "AK"
  },
  {
    "id": "AK23",
    "name": "Driftwood Bay Air Force Station",
    "city": "DUTCH HARBOR",
    "state": "AK"
  },
  {
    "id": "AK24",
    "name": "Hilltop",
    "city": "CHUGIAK",
    "state": "AK"
  },
  {
    "id": "AK25",
    "name": "Piper Landing",
    "city": "WASILLA",
    "state": "AK"
  },
  {
    "id": "AK26",
    "name": "Solomon State Fld",
    "city": "SOLOMON",
    "state": "AK"
  },
  {
    "id": "AK27",
    "name": "Valley Flying Crown",
    "city": "WASILLA",
    "state": "AK"
  },
  {
    "id": "AK28",
    "name": "Chena Marina",
    "city": "FAIRBANKS",
    "state": "AK"
  },
  {
    "id": "AK29",
    "name": "Reids Landing",
    "city": "HOUSTON",
    "state": "AK"
  },
  {
    "id": "AK30",
    "name": "Strawberry Point",
    "city": "CORDOVA",
    "state": "AK"
  },
  {
    "id": "AK31",
    "name": "Swift Creek",
    "city": "MCCARTHY",
    "state": "AK"
  },
  {
    "id": "AK32",
    "name": "Oooguruk Island",
    "city": "NUIQSUT",
    "state": "AK"
  },
  {
    "id": "AK33",
    "name": "Herendeen Bay",
    "city": "HERENDEEN BAY",
    "state": "AK"
  },
  {
    "id": "AK34",
    "name": "Kashwitna Lake",
    "city": "WILLOW",
    "state": "AK"
  },
  {
    "id": "AK35",
    "name": "Buffalo Row",
    "city": "DELTA JUNCTION",
    "state": "AK"
  },
  {
    "id": "AK36",
    "name": "Point Mac",
    "city": "POINT MACKENZIE",
    "state": "AK"
  },
  {
    "id": "AK37",
    "name": "Point Mackenzie",
    "city": "POINT MACKENZIE",
    "state": "AK"
  },
  {
    "id": "AK38",
    "name": "Providence Hospital",
    "city": "ANCHORAGE",
    "state": "AK"
  },
  {
    "id": "AK39",
    "name": "South Gasline",
    "city": "STERLING",
    "state": "AK"
  },
  {
    "id": "AK40",
    "name": "Nixon Fork Mine",
    "city": "MC GRATH",
    "state": "AK"
  },
  {
    "id": "AK41",
    "name": "Greg'n Sage",
    "city": "NORTH POLE",
    "state": "AK"
  },
  {
    "id": "AK43",
    "name": "Jacobsen Lake",
    "city": "WASILLA",
    "state": "AK"
  },
  {
    "id": "AK44",
    "name": "Talkeetna Village Strip",
    "city": "TALKEETNA",
    "state": "AK"
  },
  {
    "id": "AK46",
    "name": "Abi",
    "city": "PALMER",
    "state": "AK"
  },
  {
    "id": "AK47",
    "name": "Shawn Fld",
    "city": "WASILLA",
    "state": "AK"
  },
  {
    "id": "AK49",
    "name": "Taylor",
    "city": "TAYLOR",
    "state": "AK"
  },
  {
    "id": "AK5",
    "name": "Encelewski Lake",
    "city": "KASILOF",
    "state": "AK"
  },
  {
    "id": "AK50",
    "name": "Sky Ranch At Pioneer Peak",
    "city": "PALMER",
    "state": "AK"
  },
  {
    "id": "AK52",
    "name": "Moen's Ranch",
    "city": "FAIRBANKS",
    "state": "AK"
  },
  {
    "id": "AK54",
    "name": "Stro's",
    "city": "WASILLA",
    "state": "AK"
  },
  {
    "id": "AK55",
    "name": "Moose Run Airstrip",
    "city": "SOLDOTNA",
    "state": "AK"
  },
  {
    "id": "AK56",
    "name": "Tikchik Lodge",
    "city": "TIKCHIK",
    "state": "AK"
  },
  {
    "id": "AK57",
    "name": "Long Lake",
    "city": "WILLOW",
    "state": "AK"
  },
  {
    "id": "AK58",
    "name": "Fairview West",
    "city": "WASILLA",
    "state": "AK"
  },
  {
    "id": "AK59",
    "name": "King Ranch",
    "city": "SUTTON",
    "state": "AK"
  },
  {
    "id": "AK60",
    "name": "Fort Jensen",
    "city": "JENSENS",
    "state": "AK"
  },
  {
    "id": "AK61",
    "name": "Stephan Lake Lodge",
    "city": "TALKEETNA",
    "state": "AK"
  },
  {
    "id": "AK62",
    "name": "Naukati Bay",
    "city": "TUXEKAN ISLAND",
    "state": "AK"
  },
  {
    "id": "AK63",
    "name": "Pat-Mar Strip",
    "city": "PALMER",
    "state": "AK"
  },
  {
    "id": "AK65",
    "name": "Green's Strip",
    "city": "WASILLA",
    "state": "AK"
  },
  {
    "id": "AK66",
    "name": "Hunter Creek",
    "city": "PALMER",
    "state": "AK"
  },
  {
    "id": "AK67",
    "name": "Skid Marks",
    "city": "WILLOW",
    "state": "AK"
  },
  {
    "id": "AK68",
    "name": "Minuteman Strip",
    "city": "WILLOW",
    "state": "AK"
  },
  {
    "id": "AK69",
    "name": "Long Lake",
    "city": "WILLOW",
    "state": "AK"
  },
  {
    "id": "AK7",
    "name": "Gold King Creek",
    "city": "FAIRBANKS",
    "state": "AK"
  },
  {
    "id": "AK71",
    "name": "Lonely AS",
    "city": "LONELY",
    "state": "AK"
  },
  {
    "id": "AK72",
    "name": "Jewell",
    "city": "WILLOW",
    "state": "AK"
  },
  {
    "id": "AK73",
    "name": "McGahan Industrial Airpark",
    "city": "NIKISHKA",
    "state": "AK"
  },
  {
    "id": "AK74",
    "name": "Upper Hannum Creek",
    "city": "HANNUM CREEK",
    "state": "AK"
  },
  {
    "id": "AK75",
    "name": "Candle 2",
    "city": "CANDLE",
    "state": "AK"
  },
  {
    "id": "AK76",
    "name": "East Alsek River",
    "city": "YAKUTAT",
    "state": "AK"
  },
  {
    "id": "AK77",
    "name": "All West",
    "city": "DELTA JUNCTION",
    "state": "AK"
  },
  {
    "id": "AK78",
    "name": "Badami",
    "city": "DEADHORSE",
    "state": "AK"
  },
  {
    "id": "AK79",
    "name": "Jolly Fld",
    "city": "WASILLA",
    "state": "AK"
  },
  {
    "id": "AK8",
    "name": "Christiansen Lake",
    "city": "TALKEETNA",
    "state": "AK"
  },
  {
    "id": "AK81",
    "name": "Amook Bay",
    "city": "AMOOK BAY",
    "state": "AK"
  },
  {
    "id": "AK82",
    "name": "Campbell Blm",
    "city": "ANCHORAGE",
    "state": "AK"
  },
  {
    "id": "AK83",
    "name": "Gannon's Landing",
    "city": "WASILLA",
    "state": "AK"
  },
  {
    "id": "AK84",
    "name": "Scooters Landing Strip",
    "city": "STERLING",
    "state": "AK"
  },
  {
    "id": "AK85",
    "name": "Birchwater",
    "city": "WASILLA",
    "state": "AK"
  },
  {
    "id": "AK86",
    "name": "Kramer",
    "city": "BIG LAKE",
    "state": "AK"
  },
  {
    "id": "AK87",
    "name": "Team Levine",
    "city": "BIG LAKE",
    "state": "AK"
  },
  {
    "id": "AK88",
    "name": "Eagle Nest",
    "city": "PALMER",
    "state": "AK"
  },
  {
    "id": "AK89",
    "name": "Black Spruce",
    "city": "HOUSTON",
    "state": "AK"
  },
  {
    "id": "AK90",
    "name": "Shirley Lake",
    "city": "WILLOW",
    "state": "AK"
  },
  {
    "id": "AK91",
    "name": "Elmendorf Hospital",
    "city": "ANCHORAGE",
    "state": "AK"
  },
  {
    "id": "AK92",
    "name": "Martin",
    "city": "PALMER",
    "state": "AK"
  },
  {
    "id": "AK93",
    "name": "Grouse Ridge",
    "city": "PALMER",
    "state": "AK"
  },
  {
    "id": "AK94",
    "name": "Alascom/Coastal Lena Point",
    "city": "JUNEAU",
    "state": "AK"
  },
  {
    "id": "AK95",
    "name": "Twin Lake",
    "city": "BIG LAKE",
    "state": "AK"
  },
  {
    "id": "AK97",
    "name": "Boswell Bay",
    "city": "BOSWELL BAY",
    "state": "AK"
  },
  {
    "id": "AK98",
    "name": "Buck Creek",
    "city": "BUCK CREEK",
    "state": "AK"
  },
  {
    "id": "AK99",
    "name": "Grand Home",
    "city": "WASILLA",
    "state": "AK"
  },
  {
    "id": "AKA",
    "name": "Atka",
    "city": "ATKA",
    "state": "AK"
  },
  {
    "id": "AKI",
    "name": "Akiak",
    "city": "AKIAK",
    "state": "AK"
  },
  {
    "id": "AKK",
    "name": "Akhiok",
    "city": "AKHIOK",
    "state": "AK"
  },
  {
    "id": "AKN",
    "name": "King Salmon",
    "city": "KING SALMON",
    "state": "AK"
  },
  {
    "id": "AKP",
    "name": "Anaktuvuk Pass",
    "city": "ANAKTUVUK PASS",
    "state": "AK"
  },
  {
    "id": "AKW",
    "name": "Klawock",
    "city": "KLAWOCK",
    "state": "AK"
  },
  {
    "id": "AL03",
    "name": "Strickland/Smalley Fld",
    "city": "AKRON",
    "state": "AL"
  },
  {
    "id": "AL05",
    "name": "Sehoy",
    "city": "HURTSBORO",
    "state": "AL"
  },
  {
    "id": "AL07",
    "name": "EaMc-Lanier",
    "city": "VALLEY",
    "state": "AL"
  },
  {
    "id": "AL08",
    "name": "Perdido Winds Airpark",
    "city": "ELBERTA",
    "state": "AL"
  },
  {
    "id": "AL09",
    "name": "Cloudmont Airpark",
    "city": "MENTONE",
    "state": "AL"
  },
  {
    "id": "AL10",
    "name": "Frerichs",
    "city": "GURLEY",
    "state": "AL"
  },
  {
    "id": "AL11",
    "name": "Baptist Medical Center",
    "city": "MONTGOMERY",
    "state": "AL"
  },
  {
    "id": "AL12",
    "name": "Kershaw",
    "city": "MONTGOMERY",
    "state": "AL"
  },
  {
    "id": "AL13",
    "name": "Westrock - Mahrt Mill",
    "city": "COTTONTON",
    "state": "AL"
  },
  {
    "id": "AL14",
    "name": "Whitfield Rgnl Hospital",
    "city": "DEMOPOLIS",
    "state": "AL"
  },
  {
    "id": "AL16",
    "name": "Turkey Creek",
    "city": "PINSON",
    "state": "AL"
  },
  {
    "id": "AL17",
    "name": "Lazy Eight Airpark LLC",
    "city": "WILSONVILLE",
    "state": "AL"
  },
  {
    "id": "AL18",
    "name": "Parker Fld",
    "city": "GARDENDALE",
    "state": "AL"
  },
  {
    "id": "AL19",
    "name": "Medical West",
    "city": "BESSEMER",
    "state": "AL"
  },
  {
    "id": "AL20",
    "name": "Southeast Alabama Medical Center",
    "city": "DOTHAN",
    "state": "AL"
  },
  {
    "id": "AL24",
    "name": "Rotor Wing Inc",
    "city": "MOUNT OLIVE",
    "state": "AL"
  },
  {
    "id": "AL25",
    "name": "Spratling Fld",
    "city": "ROBA",
    "state": "AL"
  },
  {
    "id": "AL26",
    "name": "Bryant Culberson",
    "city": "TUSCALOOSA",
    "state": "AL"
  },
  {
    "id": "AL27",
    "name": "Headquarters",
    "city": "CENTRE",
    "state": "AL"
  },
  {
    "id": "AL29",
    "name": "New Horizon",
    "city": "BLOUNTSVILLE",
    "state": "AL"
  },
  {
    "id": "AL32",
    "name": "Flying Bk Ranch",
    "city": "CEDAR BLUFF",
    "state": "AL"
  },
  {
    "id": "AL33",
    "name": "Sturdy Oak Farm",
    "city": "PERDIDO",
    "state": "AL"
  },
  {
    "id": "AL34",
    "name": "Elam's Landing",
    "city": "MOULTON",
    "state": "AL"
  },
  {
    "id": "AL35",
    "name": "Mc Ginnis",
    "city": "LOXLEY",
    "state": "AL"
  },
  {
    "id": "AL36",
    "name": "The Huntsville Hospital",
    "city": "HUNTSVILLE",
    "state": "AL"
  },
  {
    "id": "AL38",
    "name": "University of Alabama Hospital",
    "city": "BIRMINGHAM",
    "state": "AL"
  },
  {
    "id": "AL39",
    "name": "Shelby Medical Center",
    "city": "ALABASTER",
    "state": "AL"
  },
  {
    "id": "AL40",
    "name": "Bonham",
    "city": "BIRMINGHAM",
    "state": "AL"
  },
  {
    "id": "AL41",
    "name": "Freedom Fld",
    "city": "SLOCOMB",
    "state": "AL"
  },
  {
    "id": "AL42",
    "name": "Rgnl Medical Center Anniston",
    "city": "ANNISTON",
    "state": "AL"
  },
  {
    "id": "AL43",
    "name": "Henley Ranch",
    "city": "GEIGER",
    "state": "AL"
  },
  {
    "id": "AL44",
    "name": "Moundville",
    "city": "MOUNDVILLE",
    "state": "AL"
  },
  {
    "id": "AL45",
    "name": "Grandview Medical Center",
    "city": "BIRMINGHAM",
    "state": "AL"
  },
  {
    "id": "AL46",
    "name": "Shoals Creek",
    "city": "FLORENCE",
    "state": "AL"
  },
  {
    "id": "AL48",
    "name": "Southwest Alabama Medical Center",
    "city": "THOMASVILLE",
    "state": "AL"
  },
  {
    "id": "AL49",
    "name": "Carraway Medical Center",
    "city": "BIRMINGHAM",
    "state": "AL"
  },
  {
    "id": "AL50",
    "name": "Baptist Medical Center-Princeton",
    "city": "BIRMINGHAM",
    "state": "AL"
  },
  {
    "id": "AL51",
    "name": "Flying C's Plantation",
    "city": "CRAWFORD",
    "state": "AL"
  },
  {
    "id": "AL52",
    "name": "Usa Health System-University Hospital",
    "city": "MOBILE",
    "state": "AL"
  },
  {
    "id": "AL53",
    "name": "Shoals Hospital",
    "city": "MUSCLE SHOALS",
    "state": "AL"
  },
  {
    "id": "AL54",
    "name": "Bird Nest",
    "city": "WINFIELD",
    "state": "AL"
  },
  {
    "id": "AL55",
    "name": "Shields",
    "city": "ELBERTA",
    "state": "AL"
  },
  {
    "id": "AL58",
    "name": "Lower Delta",
    "city": "SPANISH FORT",
    "state": "AL"
  },
  {
    "id": "AL59",
    "name": "Flowers Hospital",
    "city": "DOTHAN",
    "state": "AL"
  },
  {
    "id": "AL60",
    "name": "Dugger's Fld",
    "city": "ASHVILLE",
    "state": "AL"
  },
  {
    "id": "AL62",
    "name": "Striplin Airfield",
    "city": "HARTFORD",
    "state": "AL"
  },
  {
    "id": "AL63",
    "name": "Walker Rgnl Medical Center",
    "city": "JASPER",
    "state": "AL"
  },
  {
    "id": "AL65",
    "name": "St Vincents East",
    "city": "BIRMINGHAM",
    "state": "AL"
  },
  {
    "id": "AL66",
    "name": "Alabama Power Headquarters",
    "city": "BIRMINGHAM",
    "state": "AL"
  },
  {
    "id": "AL67",
    "name": "W&t Offshore Otf",
    "city": "THEODORE",
    "state": "AL"
  },
  {
    "id": "AL69",
    "name": "Vaughn",
    "city": "SEMINOLE",
    "state": "AL"
  },
  {
    "id": "AL71",
    "name": "Willow Point",
    "city": "OUR TOWN",
    "state": "AL"
  },
  {
    "id": "AL74",
    "name": "Grimes Fld",
    "city": "SEMMES",
    "state": "AL"
  },
  {
    "id": "AL75",
    "name": "Gulf State Park",
    "city": "GULF SHORES",
    "state": "AL"
  },
  {
    "id": "AL76",
    "name": "Mayfield (Pvt)",
    "city": "MAPLESVILLE",
    "state": "AL"
  },
  {
    "id": "AL77",
    "name": "Smart Road",
    "city": "TROY",
    "state": "AL"
  },
  {
    "id": "AL82",
    "name": "Usa Health Providence Hospital",
    "city": "MOBILE",
    "state": "AL"
  },
  {
    "id": "AL83",
    "name": "Community Hospital",
    "city": "TALLASSEE",
    "state": "AL"
  },
  {
    "id": "AL84",
    "name": "Velox",
    "city": "ROBERTSDALE",
    "state": "AL"
  },
  {
    "id": "AL86",
    "name": "Lawrence County Hospital",
    "city": "MOULTON",
    "state": "AL"
  },
  {
    "id": "AL87",
    "name": "Dale Medical Center",
    "city": "OZARK",
    "state": "AL"
  },
  {
    "id": "AL88",
    "name": "Ban Farm",
    "city": "LILLIAN",
    "state": "AL"
  },
  {
    "id": "AL89",
    "name": "Sommerset Strip",
    "city": "OPELIKA",
    "state": "AL"
  },
  {
    "id": "AL90",
    "name": "Vaughan Rgnl Medical Center",
    "city": "SELMA",
    "state": "AL"
  },
  {
    "id": "AL91",
    "name": "The Childrens Hospital",
    "city": "BIRMINGHAM",
    "state": "AL"
  },
  {
    "id": "AL92",
    "name": "Hawk Fld",
    "city": "HARPERSVILLE",
    "state": "AL"
  },
  {
    "id": "AL93",
    "name": "Big Sky",
    "city": "HUNTSVILLE",
    "state": "AL"
  },
  {
    "id": "AL94",
    "name": "Evans Fld",
    "city": "WILMER",
    "state": "AL"
  },
  {
    "id": "AL95",
    "name": "Mc Intosh Community",
    "city": "MC INTOSH",
    "state": "AL"
  },
  {
    "id": "AL96",
    "name": "Bon Secour",
    "city": "GULF SHORES",
    "state": "AL"
  },
  {
    "id": "AL97",
    "name": "Williamson Farm",
    "city": "LOXLEY",
    "state": "AL"
  },
  {
    "id": "ALX",
    "name": "Thomas C Russell Fld",
    "city": "ALEXANDER CITY",
    "state": "AL"
  },
  {
    "id": "ALZ",
    "name": "Alitak",
    "city": "LAZY BAY",
    "state": "AK"
  },
  {
    "id": "ANB",
    "name": "Anniston Rgnl",
    "city": "ANNISTON",
    "state": "AL"
  },
  {
    "id": "ANC",
    "name": "Ted Stevens Anchorage Intl",
    "city": "ANCHORAGE",
    "state": "AK"
  },
  {
    "id": "ANI",
    "name": "Aniak",
    "city": "ANIAK",
    "state": "AK"
  },
  {
    "id": "ANN",
    "name": "Annette Island",
    "city": "ANNETTE",
    "state": "AK"
  },
  {
    "id": "ANV",
    "name": "Anvik",
    "city": "ANVIK",
    "state": "AK"
  },
  {
    "id": "AQH",
    "name": "Quinhagak",
    "city": "QUINHAGAK",
    "state": "AK"
  },
  {
    "id": "AQT",
    "name": "Nuiqsut",
    "city": "NUIQSUT",
    "state": "AK"
  },
  {
    "id": "AQY",
    "name": "Girdwood",
    "city": "GIRDWOOD",
    "state": "AK"
  },
  {
    "id": "AR03",
    "name": "Centerville Airstrip",
    "city": "CENTERVILLE",
    "state": "AR"
  },
  {
    "id": "AR13",
    "name": "Pearson Fld",
    "city": "BIGELOW",
    "state": "AR"
  },
  {
    "id": "AR24",
    "name": "White River Medical Center",
    "city": "BATESVILLE",
    "state": "AR"
  },
  {
    "id": "AR30",
    "name": "Great River Medical Center",
    "city": "BLYTHEVILLE",
    "state": "AR"
  },
  {
    "id": "AR41",
    "name": "Mercy Hospital Berryville",
    "city": "BERRYVILLE",
    "state": "AR"
  },
  {
    "id": "AR42",
    "name": "Ouachita County Medical Center",
    "city": "CAMDEN",
    "state": "AR"
  },
  {
    "id": "AR76",
    "name": "Augusta",
    "city": "AUGUSTA",
    "state": "AR"
  },
  {
    "id": "ARC",
    "name": "Arctic Village",
    "city": "ARCTIC VILLAGE",
    "state": "AK"
  },
  {
    "id": "ASN",
    "name": "Talladega Muni",
    "city": "TALLADEGA",
    "state": "AL"
  },
  {
    "id": "ATK",
    "name": "Atqasuk Edward Burnell Sr Meml",
    "city": "ATQASUK",
    "state": "AK"
  },
  {
    "id": "ATM",
    "name": "Taylor Mountain",
    "city": "TAYLOR MOUNTAIN MINE",
    "state": "AK"
  },
  {
    "id": "ATU",
    "name": "Casco Cove CGS",
    "city": "ATTU",
    "state": "AK"
  },
  {
    "id": "AUK",
    "name": "Alakanuk",
    "city": "ALAKANUK",
    "state": "AK"
  },
  {
    "id": "AUO",
    "name": "Auburn University Rgnl",
    "city": "AUBURN",
    "state": "AL"
  },
  {
    "id": "AWI",
    "name": "Wainwright",
    "city": "WAINWRIGHT",
    "state": "AK"
  },
  {
    "id": "BCV",
    "name": "Birchwood",
    "city": "BIRCHWOOD",
    "state": "AK"
  },
  {
    "id": "BET",
    "name": "Bethel",
    "city": "BETHEL",
    "state": "AK"
  },
  {
    "id": "BFM",
    "name": "Mobile Intl",
    "city": "MOBILE",
    "state": "AL"
  },
  {
    "id": "BFZ",
    "name": "Albertville Rgnl/Thomas J Brumlik Fld",
    "city": "ALBERTVILLE",
    "state": "AL"
  },
  {
    "id": "BGQ",
    "name": "Big Lake",
    "city": "BIG LAKE",
    "state": "AK"
  },
  {
    "id": "BHM",
    "name": "Birmingham-Shuttlesworth Intl",
    "city": "BIRMINGHAM",
    "state": "AL"
  },
  {
    "id": "BIG",
    "name": "Allen AAF",
    "city": "DELTA JUNCTION FT GREELY",
    "state": "AK"
  },
  {
    "id": "BLG",
    "name": "Beluga",
    "city": "BELUGA",
    "state": "AK"
  },
  {
    "id": "BNF",
    "name": "Baranof Warm Springs Float and Seaplane Float",
    "city": "BARANOF",
    "state": "AK"
  },
  {
    "id": "BQV",
    "name": "Bartlett Cove",
    "city": "BARTLETT COVE",
    "state": "AK"
  },
  {
    "id": "BRW",
    "name": "Wiley Post-Will Rogers Meml",
    "city": "UTQIAGVIK",
    "state": "AK"
  },
  {
    "id": "BTI",
    "name": "Barter Island",
    "city": "BARTER ISLAND",
    "state": "AK"
  },
  {
    "id": "BTT",
    "name": "Bettles",
    "city": "BETTLES",
    "state": "AK"
  },
  {
    "id": "BVK",
    "name": "Buckland",
    "city": "BUCKLAND",
    "state": "AK"
  },
  {
    "id": "BVX",
    "name": "Batesville Rgnl",
    "city": "BATESVILLE",
    "state": "AR"
  },
  {
    "id": "BYA",
    "name": "Boundary",
    "city": "BOUNDARY",
    "state": "AK"
  },
  {
    "id": "BYH",
    "name": "Arkansas Intl",
    "city": "BLYTHEVILLE",
    "state": "AR"
  },
  {
    "id": "C05",
    "name": "Chenega Bay",
    "city": "CHENEGA",
    "state": "AK"
  },
  {
    "id": "CDB",
    "name": "Cold Bay",
    "city": "COLD BAY",
    "state": "AK"
  },
  {
    "id": "CDE",
    "name": "Cape Decision Lighthouse",
    "city": "CAPE DECISION",
    "state": "AK"
  },
  {
    "id": "CDH",
    "name": "Harrell Fld",
    "city": "CAMDEN",
    "state": "AR"
  },
  {
    "id": "CDV",
    "name": "Merle K (Mudhole) Smith",
    "city": "CORDOVA",
    "state": "AK"
  },
  {
    "id": "CEM",
    "name": "Central",
    "city": "CENTRAL",
    "state": "AK"
  },
  {
    "id": "CFK",
    "name": "Chefornak",
    "city": "CHEFORNAK",
    "state": "AK"
  },
  {
    "id": "CGA",
    "name": "Craig",
    "city": "CRAIG",
    "state": "AK"
  },
  {
    "id": "CHP",
    "name": "Circle Hot Springs",
    "city": "CIRCLE HOT SPRINGS",
    "state": "AK"
  },
  {
    "id": "CIK",
    "name": "Chalkyitsik",
    "city": "CHALKYITSIK",
    "state": "AK"
  },
  {
    "id": "CJX",
    "name": "Crooked Creek",
    "city": "CROOKED CREEK",
    "state": "AK"
  },
  {
    "id": "CKU",
    "name": "Cordova Muni",
    "city": "CORDOVA",
    "state": "AK"
  },
  {
    "id": "CKX",
    "name": "Chicken",
    "city": "CHICKEN",
    "state": "AK"
  },
  {
    "id": "CLP",
    "name": "Clarks Point",
    "city": "CLARKS POINT",
    "state": "AK"
  },
  {
    "id": "CMD",
    "name": "Cullman Rgnl/Folsom Fld",
    "city": "CULLMAN",
    "state": "AL"
  },
  {
    "id": "CQF",
    "name": "H L Sonny Callahan",
    "city": "FAIRHOPE",
    "state": "AL"
  },
  {
    "id": "CRC",
    "name": "Circle City",
    "city": "CIRCLE",
    "state": "AK"
  },
  {
    "id": "CSP",
    "name": "Cape Spencer C G",
    "city": "CAPE SPENCER",
    "state": "AK"
  },
  {
    "id": "CSR",
    "name": "Campbell Airstrip",
    "city": "ANCHORAGE",
    "state": "AK"
  },
  {
    "id": "CVK",
    "name": "Sharp County Rgnl",
    "city": "ASH FLAT",
    "state": "AR"
  },
  {
    "id": "CXC",
    "name": "Chitina",
    "city": "CHITINA",
    "state": "AK"
  },
  {
    "id": "CXF",
    "name": "Coldfoot",
    "city": "COLDFOOT",
    "state": "AK"
  },
  {
    "id": "CZF",
    "name": "Cape Romanzof LRRS",
    "city": "CAPE ROMANZOF",
    "state": "AK"
  },
  {
    "id": "CZN",
    "name": "Chisana",
    "city": "CHISANA",
    "state": "AK"
  },
  {
    "id": "CZO",
    "name": "Chistochina",
    "city": "CHISTOCHINA",
    "state": "AK"
  },
  {
    "id": "D66",
    "name": "Delta Junction",
    "city": "DELTA JUNCTION",
    "state": "AK"
  },
  {
    "id": "D71",
    "name": "Beaver Lake",
    "city": "BIG LAKE",
    "state": "AK"
  },
  {
    "id": "D72",
    "name": "D&c Fire Lake Flying Club",
    "city": "EAGLE RIVER",
    "state": "AK"
  },
  {
    "id": "D75",
    "name": "Blodgett Lake",
    "city": "WASILLA",
    "state": "AK"
  },
  {
    "id": "D76",
    "name": "Robert/Bob/Curtis Meml",
    "city": "NOORVIK",
    "state": "AK"
  },
  {
    "id": "DCK",
    "name": "Dahl Creek",
    "city": "DAHL CREEK",
    "state": "AK"
  },
  {
    "id": "DCU",
    "name": "Pryor Fld Rgnl",
    "city": "DECATUR",
    "state": "AL"
  },
  {
    "id": "DDT",
    "name": "Duffys Tavern",
    "city": "SLANA",
    "state": "AK"
  },
  {
    "id": "DEE",
    "name": "Deering",
    "city": "DEERING",
    "state": "AK"
  },
  {
    "id": "DGG",
    "name": "Red Dog",
    "city": "RED DOG",
    "state": "AK"
  },
  {
    "id": "DHN",
    "name": "Dothan Rgnl",
    "city": "DOTHAN",
    "state": "AL"
  },
  {
    "id": "DLG",
    "name": "Dillingham",
    "city": "DILLINGHAM",
    "state": "AK"
  },
  {
    "id": "DM2",
    "name": "Diomede",
    "city": "DIOMEDE",
    "state": "AK"
  },
  {
    "id": "DUT",
    "name": "Unalaska",
    "city": "UNALASKA",
    "state": "AK"
  },
  {
    "id": "DUY",
    "name": "Kongiganak",
    "city": "KONGIGANAK",
    "state": "AK"
  },
  {
    "id": "DYA",
    "name": "Demopolis Rgnl",
    "city": "DEMOPOLIS",
    "state": "AL"
  },
  {
    "id": "EAA",
    "name": "Eagle",
    "city": "EAGLE",
    "state": "AK"
  },
  {
    "id": "EDF",
    "name": "Elmendorf AFB",
    "city": "ANCHORAGE",
    "state": "AK"
  },
  {
    "id": "EDN",
    "name": "Enterprise Muni",
    "city": "ENTERPRISE",
    "state": "AL"
  },
  {
    "id": "EEK",
    "name": "Eek",
    "city": "EEK",
    "state": "AK"
  },
  {
    "id": "EET",
    "name": "Shelby County",
    "city": "ALABASTER",
    "state": "AL"
  },
  {
    "id": "EHM",
    "name": "Cape Newenham LRRS",
    "city": "CAPE NEWENHAM",
    "state": "AK"
  },
  {
    "id": "EII",
    "name": "Egegik",
    "city": "EGEGIK",
    "state": "AK"
  },
  {
    "id": "EIL",
    "name": "Eielson AFB",
    "city": "FAIRBANKS",
    "state": "AK"
  },
  {
    "id": "EKY",
    "name": "Bessemer Ntl",
    "city": "BESSEMER",
    "state": "AL"
  },
  {
    "id": "ELI",
    "name": "Elim",
    "city": "ELIM",
    "state": "AK"
  },
  {
    "id": "ELV",
    "name": "Elfin Cove",
    "city": "ELFIN COVE",
    "state": "AK"
  },
  {
    "id": "ENA",
    "name": "Kenai Muni",
    "city": "KENAI",
    "state": "AK"
  },
  {
    "id": "ENM",
    "name": "Emmonak",
    "city": "EMMONAK",
    "state": "AK"
  },
  {
    "id": "ENN",
    "name": "Nenana Muni",
    "city": "NENANA",
    "state": "AK"
  },
  {
    "id": "ERO",
    "name": "Eldred Rock Cg",
    "city": "ELDRED ROCK",
    "state": "AK"
  },
  {
    "id": "EUF",
    "name": "Weedon Fld",
    "city": "EUFAULA",
    "state": "AL"
  },
  {
    "id": "EXI",
    "name": "Excursion Inlet",
    "city": "EXCURSION INLET",
    "state": "AK"
  },
  {
    "id": "FAI",
    "name": "Fairbanks Intl",
    "city": "FAIRBANKS",
    "state": "AK"
  },
  {
    "id": "FBK",
    "name": "Ladd AAF",
    "city": "FAIRBANKS/FT WAINWRIGHT",
    "state": "AK"
  },
  {
    "id": "FHK",
    "name": "Knox AHP",
    "city": "FORT RUCKER",
    "state": "AL"
  },
  {
    "id": "FKK",
    "name": "Farewell Lake",
    "city": "FAREWELL LAKE",
    "state": "AK"
  },
  {
    "id": "FLT",
    "name": "Flat",
    "city": "FLAT",
    "state": "AK"
  },
  {
    "id": "FNR",
    "name": "Funter Bay",
    "city": "FUNTER BAY",
    "state": "AK"
  },
  {
    "id": "FRN",
    "name": "Bryant AAF",
    "city": "FORT RICHARDSON (ANCHORAGE)",
    "state": "AK"
  },
  {
    "id": "FSP",
    "name": "Nikolai",
    "city": "NIKOLAI",
    "state": "AK"
  },
  {
    "id": "FYU",
    "name": "Fort Yukon",
    "city": "FORT YUKON",
    "state": "AK"
  },
  {
    "id": "GAD",
    "name": "Northeast Alabama Rgnl",
    "city": "GADSDEN",
    "state": "AL"
  },
  {
    "id": "GAL",
    "name": "Edward G Pitka Sr",
    "city": "GALENA",
    "state": "AK"
  },
  {
    "id": "GAM",
    "name": "Gambell",
    "city": "GAMBELL",
    "state": "AK"
  },
  {
    "id": "GBH",
    "name": "Galbraith Lake",
    "city": "GALBRAITH LAKE",
    "state": "AK"
  },
  {
    "id": "GGV",
    "name": "Kwigillingok",
    "city": "KWIGILLINGOK",
    "state": "AK"
  },
  {
    "id": "GKN",
    "name": "Gulkana",
    "city": "GULKANA",
    "state": "AK"
  },
  {
    "id": "GLV",
    "name": "Golovin",
    "city": "GOLOVIN",
    "state": "AK"
  },
  {
    "id": "GNU",
    "name": "Goodnews",
    "city": "GOODNEWS",
    "state": "AK"
  },
  {
    "id": "GST",
    "name": "Gustavus",
    "city": "GUSTAVUS",
    "state": "AK"
  },
  {
    "id": "GSZ",
    "name": "Granite Mountain AS",
    "city": "GRANITE MOUNTAIN",
    "state": "AK"
  },
  {
    "id": "GZH",
    "name": "Evergreen Rgnl/Middleton Fld",
    "city": "EVERGREEN",
    "state": "AL"
  },
  {
    "id": "HAB",
    "name": "Marion County-Rankin Fite",
    "city": "HAMILTON",
    "state": "AL"
  },
  {
    "id": "HCA",
    "name": "Holy Cross",
    "city": "HOLY CROSS",
    "state": "AK"
  },
  {
    "id": "HDL",
    "name": "Headland Muni",
    "city": "HEADLAND",
    "state": "AL"
  },
  {
    "id": "HEY",
    "name": "Hanchey AHP (Fort Rucker)",
    "city": "FORT RUCKER",
    "state": "AL"
  },
  {
    "id": "HKA",
    "name": "Blytheville Muni",
    "city": "BLYTHEVILLE",
    "state": "AR"
  },
  {
    "id": "HL2",
    "name": "Hubbard Landing",
    "city": "STOCKTON",
    "state": "AL"
  },
  {
    "id": "HLA",
    "name": "Huslia",
    "city": "HUSLIA",
    "state": "AK"
  },
  {
    "id": "HNH",
    "name": "Hoonah",
    "city": "HOONAH",
    "state": "AK"
  },
  {
    "id": "HNS",
    "name": "Haines",
    "city": "HAINES",
    "state": "AK"
  },
  {
    "id": "HOM",
    "name": "Homer",
    "city": "HOMER",
    "state": "AK"
  },
  {
    "id": "HPB",
    "name": "Hooper Bay",
    "city": "HOOPER BAY",
    "state": "AK"
  },
  {
    "id": "HRR",
    "name": "Healy River",
    "city": "HEALY",
    "state": "AK"
  },
  {
    "id": "HSV",
    "name": "Huntsville Intl-Carl T Jones Fld",
    "city": "HUNTSVILLE",
    "state": "AL"
  },
  {
    "id": "HUA",
    "name": "Redstone AAF",
    "city": "REDSTONE ARSNL HUNTSVILLE",
    "state": "AL"
  },
  {
    "id": "HUS",
    "name": "Hughes",
    "city": "HUGHES",
    "state": "AK"
  },
  {
    "id": "HWI",
    "name": "Hawk Inlet",
    "city": "HAWK INLET",
    "state": "AK"
  },
  {
    "id": "HYG",
    "name": "Hydaburg",
    "city": "HYDABURG",
    "state": "AK"
  },
  {
    "id": "HYL",
    "name": "Clark Bay",
    "city": "HOLLIS",
    "state": "AK"
  },
  {
    "id": "IAN",
    "name": "Bob Baker Meml",
    "city": "KIANA",
    "state": "AK"
  },
  {
    "id": "IBN",
    "name": "Devils Mountain Lodge",
    "city": "NABESNA",
    "state": "AK"
  },
  {
    "id": "IEM",
    "name": "Whittier",
    "city": "WHITTIER",
    "state": "AK"
  },
  {
    "id": "IGG",
    "name": "Igiugig",
    "city": "IGIUGIG",
    "state": "AK"
  },
  {
    "id": "IGT",
    "name": "Nightmute",
    "city": "NIGHTMUTE",
    "state": "AK"
  },
  {
    "id": "IIK",
    "name": "Kipnuk",
    "city": "KIPNUK",
    "state": "AK"
  },
  {
    "id": "IKO",
    "name": "Nikolski AS",
    "city": "NIKOLSKI",
    "state": "AK"
  },
  {
    "id": "ILI",
    "name": "Iliamna",
    "city": "ILIAMNA",
    "state": "AK"
  },
  {
    "id": "INR",
    "name": "Mc Kinley Ntl Park",
    "city": "MCKINLEY PARK",
    "state": "AK"
  },
  {
    "id": "IWK",
    "name": "Wales",
    "city": "WALES",
    "state": "AK"
  },
  {
    "id": "IYS",
    "name": "Wasilla",
    "city": "WASILLA",
    "state": "AK"
  },
  {
    "id": "JFX",
    "name": "Walker County/Bevill Fld",
    "city": "JASPER",
    "state": "AL"
  },
  {
    "id": "JKA",
    "name": "Gulf Shores Intl/Jack Edwards Fld",
    "city": "GULF SHORES",
    "state": "AL"
  },
  {
    "id": "JLA",
    "name": "Quartz Creek",
    "city": "COOPER LANDING",
    "state": "AK"
  },
  {
    "id": "JNU",
    "name": "Juneau Intl",
    "city": "JUNEAU",
    "state": "AK"
  },
  {
    "id": "JZZ",
    "name": "Koliganek",
    "city": "KOLIGANEK",
    "state": "AK"
  },
  {
    "id": "K29",
    "name": "Council",
    "city": "COUNCIL",
    "state": "AK"
  },
  {
    "id": "K40",
    "name": "Anvik",
    "city": "ANVIK",
    "state": "AK"
  },
  {
    "id": "K55",
    "name": "Thompson Pass",
    "city": "VALDEZ",
    "state": "AK"
  },
  {
    "id": "KAE",
    "name": "Kake",
    "city": "KAKE",
    "state": "AK"
  },
  {
    "id": "KAL",
    "name": "Kaltag",
    "city": "KALTAG",
    "state": "AK"
  },
  {
    "id": "KCC",
    "name": "Coffman Cove",
    "city": "COFFMAN COVE",
    "state": "AK"
  },
  {
    "id": "KCL",
    "name": "Chignik Lagoon",
    "city": "CHIGNIK LAGOON",
    "state": "AK"
  },
  {
    "id": "KCR",
    "name": "Colorado Creek",
    "city": "COLORADO CREEK",
    "state": "AK"
  },
  {
    "id": "KDK",
    "name": "Kodiak Muni",
    "city": "KODIAK",
    "state": "AK"
  },
  {
    "id": "KEB",
    "name": "Nanwalek",
    "city": "NANWALEK",
    "state": "AK"
  },
  {
    "id": "KEK",
    "name": "Ekwok",
    "city": "EKWOK",
    "state": "AK"
  },
  {
    "id": "KFP",
    "name": "False Pass",
    "city": "FALSE PASS",
    "state": "AK"
  },
  {
    "id": "KGX",
    "name": "Grayling",
    "city": "GRAYLING",
    "state": "AK"
  },
  {
    "id": "KGZ",
    "name": "Glacier Creek",
    "city": "GLACIER CREEK",
    "state": "AK"
  },
  {
    "id": "KKA",
    "name": "Koyuk Alfred Adams",
    "city": "KOYUK",
    "state": "AK"
  },
  {
    "id": "KKB",
    "name": "Kitoi Bay",
    "city": "KITOI BAY",
    "state": "AK"
  },
  {
    "id": "KKI",
    "name": "Akiachak",
    "city": "AKIACHAK",
    "state": "AK"
  },
  {
    "id": "KKL",
    "name": "Karluk Lake",
    "city": "KARLUK LAKE",
    "state": "AK"
  },
  {
    "id": "KKU",
    "name": "Ekuk",
    "city": "EKUK",
    "state": "AK"
  },
  {
    "id": "KLG",
    "name": "Kalskag",
    "city": "KALSKAG",
    "state": "AK"
  },
  {
    "id": "KMY",
    "name": "Moser Bay",
    "city": "MOSER BAY",
    "state": "AK"
  },
  {
    "id": "KNW",
    "name": "New Stuyahok",
    "city": "NEW STUYAHOK",
    "state": "AK"
  },
  {
    "id": "KOY",
    "name": "Olga Bay",
    "city": "OLGA BAY",
    "state": "AK"
  },
  {
    "id": "KPB",
    "name": "Point Baker",
    "city": "POINT BAKER",
    "state": "AK"
  },
  {
    "id": "KPC",
    "name": "Port Clarence CGS",
    "city": "PORT CLARENCE",
    "state": "AK"
  },
  {
    "id": "KPR",
    "name": "Port Williams",
    "city": "PORT WILLIAMS",
    "state": "AK"
  },
  {
    "id": "KPY",
    "name": "Port Bailey",
    "city": "PORT BAILEY",
    "state": "AK"
  },
  {
    "id": "KQA",
    "name": "Akutan",
    "city": "AKUTAN",
    "state": "AK"
  },
  {
    "id": "KSM",
    "name": "St Mary's",
    "city": "ST MARY'S",
    "state": "AK"
  },
  {
    "id": "KTB",
    "name": "Thorne Bay",
    "city": "THORNE BAY",
    "state": "AK"
  },
  {
    "id": "KTN",
    "name": "Ketchikan Intl",
    "city": "KETCHIKAN",
    "state": "AK"
  },
  {
    "id": "KTS",
    "name": "Brevig Mission",
    "city": "BREVIG MISSION",
    "state": "AK"
  },
  {
    "id": "KVC",
    "name": "King Cove",
    "city": "KING COVE",
    "state": "AK"
  },
  {
    "id": "KVL",
    "name": "Kivalina",
    "city": "KIVALINA",
    "state": "AK"
  },
  {
    "id": "KWF",
    "name": "Waterfall",
    "city": "WATERFALL",
    "state": "AK"
  },
  {
    "id": "KWP",
    "name": "West Point Village",
    "city": "WEST POINT",
    "state": "AK"
  },
  {
    "id": "KWT",
    "name": "Kwethluk",
    "city": "KWETHLUK",
    "state": "AK"
  },
  {
    "id": "KXA",
    "name": "Kasaan",
    "city": "KASAAN",
    "state": "AK"
  },
  {
    "id": "KYK",
    "name": "Karluk",
    "city": "KARLUK",
    "state": "AK"
  },
  {
    "id": "KYU",
    "name": "Koyukuk",
    "city": "KOYUKUK",
    "state": "AK"
  },
  {
    "id": "L20",
    "name": "Coal Creek",
    "city": "YUKON CHARLEY RIVERS",
    "state": "AK"
  },
  {
    "id": "L85",
    "name": "Mackeys Lakes",
    "city": "SOLDOTNA",
    "state": "AK"
  },
  {
    "id": "L93",
    "name": "Robe Lake",
    "city": "VALDEZ",
    "state": "AK"
  },
  {
    "id": "L95",
    "name": "Jones Landing",
    "city": "BIG LAKE",
    "state": "AK"
  },
  {
    "id": "LKK",
    "name": "Kulik Lake",
    "city": "KULIK LAKE",
    "state": "AK"
  },
  {
    "id": "LOR",
    "name": "Lowe AHP (Fort Rucker)",
    "city": "FORT RUCKER",
    "state": "AL"
  },
  {
    "id": "LUR",
    "name": "Cape Lisburne LRRS",
    "city": "CAPE LISBURNE",
    "state": "AK"
  },
  {
    "id": "M22",
    "name": "Bill Pugh Fld",
    "city": "RUSSELLVILLE",
    "state": "AL"
  },
  {
    "id": "M36",
    "name": "Frank Federer Meml",
    "city": "BRINKLEY",
    "state": "AR"
  },
  {
    "id": "M38",
    "name": "Hazel Green",
    "city": "HAZEL GREEN",
    "state": "AL"
  },
  {
    "id": "M55",
    "name": "Lamar County",
    "city": "VERNON",
    "state": "AL"
  },
  {
    "id": "M60",
    "name": "Woodruff County",
    "city": "AUGUSTA",
    "state": "AR"
  },
  {
    "id": "M73",
    "name": "Almyra Muni",
    "city": "ALMYRA",
    "state": "AR"
  },
  {
    "id": "M74",
    "name": "Bald Knob Muni",
    "city": "BALD KNOB",
    "state": "AR"
  },
  {
    "id": "M95",
    "name": "Richard Arthur Fld",
    "city": "FAYETTE",
    "state": "AL"
  },
  {
    "id": "MBA",
    "name": "Manokotak",
    "city": "MANOKOTAK",
    "state": "AK"
  },
  {
    "id": "MCG",
    "name": "Mc Grath",
    "city": "MC GRATH",
    "state": "AK"
  },
  {
    "id": "MDM",
    "name": "Marshall Don Hunter Sr",
    "city": "MARSHALL",
    "state": "AK"
  },
  {
    "id": "MDO",
    "name": "Middleton Island",
    "city": "MIDDLETON ISLAND",
    "state": "AK"
  },
  {
    "id": "MDQ",
    "name": "Huntsville Exec Tom Sharp Jr Fld",
    "city": "HUNTSVILLE",
    "state": "AL"
  },
  {
    "id": "MFN",
    "name": "Minuteman Lake",
    "city": "WILLOW",
    "state": "AK"
  },
  {
    "id": "MGM",
    "name": "Montgomery Rgnl (Dannelly Fld)",
    "city": "MONTGOMERY",
    "state": "AL"
  },
  {
    "id": "MHM",
    "name": "Minchumina",
    "city": "MINCHUMINA",
    "state": "AK"
  },
  {
    "id": "MLY",
    "name": "Manley Hot Springs",
    "city": "MANLEY HOT SPRINGS",
    "state": "AK"
  },
  {
    "id": "MOB",
    "name": "Mobile Rgnl",
    "city": "MOBILE",
    "state": "AL"
  },
  {
    "id": "MOS",
    "name": "Moses Point",
    "city": "ELIM",
    "state": "AK"
  },
  {
    "id": "MOU",
    "name": "Mountain Village",
    "city": "MOUNTAIN VILLAGE",
    "state": "AK"
  },
  {
    "id": "MRI",
    "name": "Merrill Fld",
    "city": "ANCHORAGE",
    "state": "AK"
  },
  {
    "id": "MSL",
    "name": "Northwest Alabama Rgnl",
    "city": "MUSCLE SHOALS",
    "state": "AL"
  },
  {
    "id": "MTF",
    "name": "Metro Fld",
    "city": "FAIRBANKS",
    "state": "AK"
  },
  {
    "id": "MTM",
    "name": "Metlakatla",
    "city": "METLAKATLA",
    "state": "AK"
  },
  {
    "id": "MVC",
    "name": "Monroe County Aeroplex",
    "city": "MONROEVILLE",
    "state": "AL"
  },
  {
    "id": "MXF",
    "name": "Maxwell AFB",
    "city": "MONTGOMERY",
    "state": "AL"
  },
  {
    "id": "MYK",
    "name": "May Creek",
    "city": "MAY CREEK",
    "state": "AK"
  },
  {
    "id": "MYU",
    "name": "Mekoryuk",
    "city": "MEKORYUK",
    "state": "AK"
  },
  {
    "id": "NBJ",
    "name": "Barin NOLF",
    "city": "FOLEY",
    "state": "AL"
  },
  {
    "id": "NFD",
    "name": "Summerdale NOLF",
    "city": "SUMMERDALE",
    "state": "AL"
  },
  {
    "id": "NIN",
    "name": "Ninilchik",
    "city": "NINILCHIK",
    "state": "AK"
  },
  {
    "id": "NUL",
    "name": "Nulato",
    "city": "NULATO",
    "state": "AK"
  },
  {
    "id": "OBU",
    "name": "Kobuk",
    "city": "KOBUK",
    "state": "AK"
  },
  {
    "id": "OME",
    "name": "Nome",
    "city": "NOME",
    "state": "AK"
  },
  {
    "id": "OOH",
    "name": "Hoonah",
    "city": "HOONAH",
    "state": "AK"
  },
  {
    "id": "OOK",
    "name": "Toksook Bay",
    "city": "TOKSOOK BAY",
    "state": "AK"
  },
  {
    "id": "ORI",
    "name": "Port Lions",
    "city": "PORT LIONS",
    "state": "AK"
  },
  {
    "id": "ORT",
    "name": "Northway",
    "city": "NORTHWAY",
    "state": "AK"
  },
  {
    "id": "OTZ",
    "name": "Ralph Wien Meml",
    "city": "KOTZEBUE",
    "state": "AK"
  },
  {
    "id": "OUL",
    "name": "Nelson Lagoon",
    "city": "NELSON LAGOON",
    "state": "AK"
  },
  {
    "id": "OZR",
    "name": "Cairns AAF (Fort Rucker)",
    "city": "FORT RUCKER",
    "state": "AL"
  },
  {
    "id": "PAQ",
    "name": "Warren \"Bud\" Woods Palmer Muni",
    "city": "PALMER",
    "state": "AK"
  },
  {
    "id": "PBV",
    "name": "St George",
    "city": "ST GEORGE",
    "state": "AK"
  },
  {
    "id": "PEC",
    "name": "Pelican",
    "city": "PELICAN",
    "state": "AK"
  },
  {
    "id": "PEV",
    "name": "Perryville",
    "city": "PERRYVILLE",
    "state": "AK"
  },
  {
    "id": "PGM",
    "name": "Port Graham",
    "city": "PORT GRAHAM",
    "state": "AK"
  },
  {
    "id": "PHO",
    "name": "Point Hope",
    "city": "POINT HOPE",
    "state": "AK"
  },
  {
    "id": "PIZ",
    "name": "Point Lay LRRS",
    "city": "POINT LAY",
    "state": "AK"
  },
  {
    "id": "PKA",
    "name": "Napaskiak",
    "city": "NAPASKIAK",
    "state": "AK"
  },
  {
    "id": "PLR",
    "name": "St Clair County",
    "city": "PELL CITY",
    "state": "AL"
  },
  {
    "id": "PNP",
    "name": "Pilot Point",
    "city": "PILOT POINT",
    "state": "AK"
  },
  {
    "id": "PPC",
    "name": "Prospect Creek",
    "city": "PROSPECT CREEK",
    "state": "AK"
  },
  {
    "id": "PRN",
    "name": "Mac Crenshaw Meml",
    "city": "GREENVILLE",
    "state": "AL"
  },
  {
    "id": "PSG",
    "name": "Petersburg James A Johnson",
    "city": "PETERSBURG",
    "state": "AK"
  },
  {
    "id": "PTH",
    "name": "Port Heiden",
    "city": "PORT HEIDEN",
    "state": "AK"
  },
  {
    "id": "PTU",
    "name": "Platinum",
    "city": "PLATINUM",
    "state": "AK"
  },
  {
    "id": "PWR",
    "name": "Port Walter",
    "city": "PORT WALTER",
    "state": "AK"
  },
  {
    "id": "PXK",
    "name": "Paxson",
    "city": "PAXSON",
    "state": "AK"
  },
  {
    "id": "PYL",
    "name": "Perry Island",
    "city": "PERRY ISLAND",
    "state": "AK"
  },
  {
    "id": "PYP",
    "name": "Centre Piedmont/Cherokee County Rgnl",
    "city": "CENTRE",
    "state": "AL"
  },
  {
    "id": "RBM",
    "name": "Robinson AAF (Camp Robinson)",
    "city": "CAMP ROBINSON/LITTLE ROCK",
    "state": "AR"
  },
  {
    "id": "RBY",
    "name": "Ruby",
    "city": "RUBY",
    "state": "AK"
  },
  {
    "id": "RDV",
    "name": "Red Devil",
    "city": "RED DEVIL",
    "state": "AK"
  },
  {
    "id": "RMP",
    "name": "Rampart",
    "city": "RAMPART",
    "state": "AK"
  },
  {
    "id": "RSH",
    "name": "Russian Mission",
    "city": "RUSSIAN MISSION",
    "state": "AK"
  },
  {
    "id": "SCC",
    "name": "Deadhorse",
    "city": "DEADHORSE",
    "state": "AK"
  },
  {
    "id": "SCD",
    "name": "Merkel Fld Sylacauga Muni",
    "city": "SYLACAUGA",
    "state": "AL"
  },
  {
    "id": "SCM",
    "name": "Scammon Bay",
    "city": "SCAMMON BAY",
    "state": "AK"
  },
  {
    "id": "SD1",
    "name": "Soldotna Hospital",
    "city": "SOLDOTNA",
    "state": "AK"
  },
  {
    "id": "SDP",
    "name": "Sand Point",
    "city": "SAND POINT",
    "state": "AK"
  },
  {
    "id": "SEM",
    "name": "Craig Fld",
    "city": "SELMA",
    "state": "AL"
  },
  {
    "id": "SGY",
    "name": "Skagway",
    "city": "SKAGWAY",
    "state": "AK"
  },
  {
    "id": "SHG",
    "name": "Shungnak",
    "city": "SHUNGNAK",
    "state": "AK"
  },
  {
    "id": "SHH",
    "name": "Shishmaref",
    "city": "SHISHMAREF",
    "state": "AK"
  },
  {
    "id": "SHX",
    "name": "Shageluk",
    "city": "SHAGELUK",
    "state": "AK"
  },
  {
    "id": "SIT",
    "name": "Sitka Rocky Gutierrez",
    "city": "SITKA",
    "state": "AK"
  },
  {
    "id": "SKW",
    "name": "Skwentna",
    "city": "SKWENTNA",
    "state": "AK"
  },
  {
    "id": "SLQ",
    "name": "Sleetmute",
    "city": "SLEETMUTE",
    "state": "AK"
  },
  {
    "id": "SMK",
    "name": "St Michael",
    "city": "ST MICHAEL",
    "state": "AK"
  },
  {
    "id": "SMU",
    "name": "Sheep Mountain",
    "city": "SHEEP MOUNTAIN",
    "state": "AK"
  },
  {
    "id": "SNP",
    "name": "St Paul Island",
    "city": "ST PAUL ISLAND",
    "state": "AK"
  },
  {
    "id": "SOV",
    "name": "Seldovia",
    "city": "SELDOVIA",
    "state": "AK"
  },
  {
    "id": "SRV",
    "name": "Stony River 2",
    "city": "STONY RIVER",
    "state": "AK"
  },
  {
    "id": "SUZ",
    "name": "Saline County Rgnl",
    "city": "BENTON",
    "state": "AR"
  },
  {
    "id": "SVA",
    "name": "Savoonga",
    "city": "SAVOONGA",
    "state": "AK"
  },
  {
    "id": "SVS",
    "name": "Stevens Village",
    "city": "STEVENS VILLAGE",
    "state": "AK"
  },
  {
    "id": "SVW",
    "name": "Sparrevohn LRRS",
    "city": "SPARREVOHN",
    "state": "AK"
  },
  {
    "id": "SWD",
    "name": "Seward",
    "city": "SEWARD",
    "state": "AK"
  },
  {
    "id": "SXP",
    "name": "Nunam Iqua",
    "city": "NUNAM IQUA",
    "state": "AK"
  },
  {
    "id": "SXQ",
    "name": "Soldotna",
    "city": "SOLDOTNA",
    "state": "AK"
  },
  {
    "id": "SXS",
    "name": "Shell AHP",
    "city": "FORT RUCKER",
    "state": "AL"
  },
  {
    "id": "SYA",
    "name": "Eareckson AS",
    "city": "SHEMYA",
    "state": "AK"
  },
  {
    "id": "T44",
    "name": "Trident Basin",
    "city": "KODIAK",
    "state": "AK"
  },
  {
    "id": "T66",
    "name": "Visnaw Lake",
    "city": "WASILLA",
    "state": "AK"
  },
  {
    "id": "TAL",
    "name": "Ralph M Calhoun Meml",
    "city": "TANANA",
    "state": "AK"
  },
  {
    "id": "TCL",
    "name": "Tuscaloosa Ntl",
    "city": "TUSCALOOSA",
    "state": "AL"
  },
  {
    "id": "TCT",
    "name": "Takotna",
    "city": "TAKOTNA",
    "state": "AK"
  },
  {
    "id": "TER",
    "name": "Teller",
    "city": "TELLER",
    "state": "AK"
  },
  {
    "id": "TKA",
    "name": "Talkeetna",
    "city": "TALKEETNA",
    "state": "AK"
  },
  {
    "id": "TKE",
    "name": "Tenakee",
    "city": "TENAKEE SPRINGS",
    "state": "AK"
  },
  {
    "id": "TKL",
    "name": "Taku Lodge",
    "city": "TAKU LODGE",
    "state": "AK"
  },
  {
    "id": "TLJ",
    "name": "Tatalina LRRS",
    "city": "TAKOTNA",
    "state": "AK"
  },
  {
    "id": "TLT",
    "name": "Tuluksak",
    "city": "TULUKSAK",
    "state": "AK"
  },
  {
    "id": "TNC",
    "name": "Tin City LRRS",
    "city": "TIN CITY",
    "state": "AK"
  },
  {
    "id": "TNW",
    "name": "Tin Creek",
    "city": "FAREWELL LAKE",
    "state": "AK"
  },
  {
    "id": "TOG",
    "name": "Togiak",
    "city": "TOGIAK VILLAGE",
    "state": "AK"
  },
  {
    "id": "TOI",
    "name": "Troy Muni At N Kenneth Campbell Fld",
    "city": "TROY",
    "state": "AL"
  },
  {
    "id": "TPO",
    "name": "Port Alsworth",
    "city": "PORT ALSWORTH",
    "state": "AK"
  },
  {
    "id": "TSG",
    "name": "Tanacross",
    "city": "TANACROSS",
    "state": "AK"
  },
  {
    "id": "TTW",
    "name": "Cantwell",
    "city": "CANTWELL",
    "state": "AK"
  },
  {
    "id": "TYE",
    "name": "Tyonek",
    "city": "TYONEK",
    "state": "AK"
  },
  {
    "id": "UBW",
    "name": "Ugnu-Kuparuk",
    "city": "KUPARUK",
    "state": "AK"
  },
  {
    "id": "UGB",
    "name": "Ugashik Bay",
    "city": "PILOT POINT",
    "state": "AK"
  },
  {
    "id": "UMM",
    "name": "Summit",
    "city": "SUMMIT",
    "state": "AK"
  },
  {
    "id": "UMT",
    "name": "Umiat",
    "city": "UMIAT",
    "state": "AK"
  },
  {
    "id": "UNK",
    "name": "Unalakleet",
    "city": "UNALAKLEET",
    "state": "AK"
  },
  {
    "id": "UTO",
    "name": "Indian Mountain LRRS",
    "city": "UTOPIA CREEK",
    "state": "AK"
  },
  {
    "id": "UUO",
    "name": "Willow",
    "city": "WILLOW",
    "state": "AK"
  },
  {
    "id": "VAK",
    "name": "Chevak",
    "city": "CHEVAK",
    "state": "AK"
  },
  {
    "id": "VBT",
    "name": "Bentonville Muni/Louise M Thaden Fld",
    "city": "BENTONVILLE",
    "state": "AR"
  },
  {
    "id": "VDZ",
    "name": "Valdez Pioneer Fld",
    "city": "VALDEZ",
    "state": "AK"
  },
  {
    "id": "VEE",
    "name": "Venetie",
    "city": "VENETIE",
    "state": "AK"
  },
  {
    "id": "WBB",
    "name": "Stebbins",
    "city": "STEBBINS",
    "state": "AK"
  },
  {
    "id": "WBQ",
    "name": "Beaver",
    "city": "BEAVER",
    "state": "AK"
  },
  {
    "id": "WCR",
    "name": "Chandalar Lake",
    "city": "CHANDALAR LAKE",
    "state": "AK"
  },
  {
    "id": "WLK",
    "name": "Selawik",
    "city": "SELAWIK",
    "state": "AK"
  },
  {
    "id": "WMO",
    "name": "White Mountain",
    "city": "WHITE MOUNTAIN",
    "state": "AK"
  },
  {
    "id": "WNA",
    "name": "Napakiak",
    "city": "NAPAKIAK",
    "state": "AK"
  },
  {
    "id": "WRG",
    "name": "Wrangell",
    "city": "WRANGELL",
    "state": "AK"
  },
  {
    "id": "WSB",
    "name": "Steamboat Bay",
    "city": "STEAMBOAT BAY",
    "state": "AK"
  },
  {
    "id": "WSJ",
    "name": "San Juan /Uganik/",
    "city": "SAN JUAN",
    "state": "AK"
  },
  {
    "id": "WSM",
    "name": "Wiseman",
    "city": "WISEMAN",
    "state": "AK"
  },
  {
    "id": "WSN",
    "name": "South Naknek Nr 2",
    "city": "SOUTH NAKNEK",
    "state": "AK"
  },
  {
    "id": "WTK",
    "name": "Noatak",
    "city": "NOATAK",
    "state": "AK"
  },
  {
    "id": "WWT",
    "name": "Newtok",
    "city": "NEWTOK",
    "state": "AK"
  },
  {
    "id": "YAK",
    "name": "Yakutat",
    "city": "YAKUTAT",
    "state": "AK"
  },
  {
    "id": "Z09",
    "name": "Kasigluk",
    "city": "KASIGLUK",
    "state": "AK"
  },
  {
    "id": "Z13",
    "name": "Akiachak",
    "city": "AKIACHAK",
    "state": "AK"
  },
  {
    "id": "Z14",
    "name": "Tazlina",
    "city": "TAZLINA",
    "state": "AK"
  },
  {
    "id": "Z17",
    "name": "Ophir",
    "city": "OPHIR",
    "state": "AK"
  },
  {
    "id": "Z20",
    "name": "Tuntutuliak",
    "city": "TUNTUTULIAK",
    "state": "AK"
  },
  {
    "id": "Z25",
    "name": "Tripod",
    "city": "ALEKNAGIK",
    "state": "AK"
  },
  {
    "id": "Z33",
    "name": "Aleknagik",
    "city": "ALEKNAGIK",
    "state": "AK"
  },
  {
    "id": "Z40",
    "name": "Goose Bay",
    "city": "GOOSE BAY",
    "state": "AK"
  },
  {
    "id": "Z43",
    "name": "Tamgas Harbor",
    "city": "ANNETTE",
    "state": "AK"
  },
  {
    "id": "Z47",
    "name": "Engstrom Fld",
    "city": "BASIN CREEK",
    "state": "AK"
  },
  {
    "id": "Z48",
    "name": "Bear Creek 3",
    "city": "BEAR CREEK",
    "state": "AK"
  },
  {
    "id": "Z52",
    "name": "Johnsons Landing",
    "city": "BEAR LAKE",
    "state": "AK"
  },
  {
    "id": "Z55",
    "name": "Lake Louise",
    "city": "LAKE LOUISE",
    "state": "AK"
  },
  {
    "id": "Z58",
    "name": "Hangar Lake",
    "city": "BETHEL",
    "state": "AK"
  },
  {
    "id": "Z59",
    "name": "Bethel",
    "city": "BETHEL",
    "state": "AK"
  },
  {
    "id": "Z71",
    "name": "Cape Pole",
    "city": "CAPE POLE",
    "state": "AK"
  },
  {
    "id": "Z78",
    "name": "Chignik Bay",
    "city": "CHIGNIK",
    "state": "AK"
  },
  {
    "id": "Z81",
    "name": "Salmon Lake",
    "city": "SALMON LAKE",
    "state": "AK"
  },
  {
    "id": "Z84",
    "name": "Clear",
    "city": "CLEAR",
    "state": "AK"
  },
  {
    "id": "Z87",
    "name": "Blinn Lake",
    "city": "COLD BAY",
    "state": "AK"
  },
  {
    "id": "Z90",
    "name": "Stampede",
    "city": "KANTISHNA",
    "state": "AK"
  },
  {
    "id": "Z91",
    "name": "Birch Creek",
    "city": "BIRCH CREEK",
    "state": "AK"
  },
  {
    "id": "Z93",
    "name": "Copper Center 2",
    "city": "COPPER CENTER",
    "state": "AK"
  },
  {
    "id": "ZNC",
    "name": "Nyac",
    "city": "NYAC",
    "state": "AK"
  }
]